index_,date_,location_type,grade,display_grade,location,color,description,wall_type,hold_type,style,setter
100001,2016-06-13,indoor,6,V6-V7,Mesa Rim Mira Mesa,pink,Pink crimps,overhang,crimp,natural,Enrico
100002,2016-06-19,indoor,6,V6-V7,Mesa Rim Mission Valley,purple,"Purple crimps, easy",face,crimp,natural,Casey
100003,2016-07-08,indoor,6,V6-V7,Mesa Rim Mission Valley,white,"White sloper, easy transition out of sloper",face,sloper,natural,Casey
100004,2016-07-11,indoor,6,V6-V7,Mesa Rim Mission Valley,pink,"Pink corner, hard first move, easy rest of it",corner,crimp,natural,Enrico
100005,2016-07-24,indoor,6,V6-V7,Mesa Rim Mission Valley,yellow,Yellow Mushrooms,cave,jug,natural,Enrico
100006,2016-08-06,indoor,6,V6-V7,Mesa Rim Mission Valley,black,"Black mantle, one-move wonder",face,jug,mantle,Enrico
100007,2016-08-14,indoor,6,V6-V7,Mesa Rim Mission Valley,green,"Green, easy start, hard finish",face,"crimp, pinch",natural,Leo
100008,2016-08-20,indoor,6,V6-V7,Mesa Rim Mission Valley,yellow,"Yellow crimps, dyno finish",face,crimp,natural,Enrico
100009,2016-08-21,indoor,6,V6-V7,Mesa Rim Mission Valley,brown,"Brown crimps, sloper finish",face,"crimp, sloper",natural,Chris
100010,2016-08-22,indoor,6,V6-V7,Mesa Rim Mission Valley,green,"Green pinches, then slopers",face,"pinch, sloper",natural,Chris
100011,2016-08-28,indoor,6,V6-V7,Mesa Rim Mission Valley,yellow,Yellow zigzag crossover,face,crimp,natural,Chris
100012,2016-09-04,indoor,6,V6-V7,Mesa Rim Mission Valley,green,"Green, upside-down",overhang,jug,comp,Leo
100013,2016-09-15,indoor,6,V6-V7,Mesa Rim Mission Valley,pink,"Pink, natural",face,crimp,natural,Casey
100014,2016-09-24,indoor,6,V6-V7,Mesa Rim Mission Valley,yellow,"Yellow, sloper then crimps",face,"crimp, pinch, sloper",natural,Enrico
100015,2016-09-24,indoor,6,V6-V7,Mesa Rim Mission Valley,black,"Black, Jug followed by crimps",face,"crimp, jug",natural,Chris
100016,2016-09-26,indoor,6,V6-V7,Mesa Rim Mission Valley,blue,Blue heel-hook start,overhang,crimp,natural,Curtis
100017,2016-10-17,indoor,6,V6-V7,Mesa Rim Mira Mesa,green,Green slopers,face,sloper,natural,Chris
100018,2016-10-30,indoor,7,V7-V8,Mesa Rim Mission Valley,black,Black Sloper Crimps,slab,crimp,natural,Chris
100019,2016-11-08,indoor,6,V6-V7,Mesa Rim Mira Mesa,white,"White holds, pentagon start",face,crimp,natural,Casey
100020,2016-11-11,indoor,6,V6,Mission Cliffs,blue,Blue roof then balance.,overhang,crimp,natural,
100021,2016-11-14,indoor,5,V5,Mesa Rim Mission Valley,pink,Pink pinches,face,pinch,natural,Leo
100022,2016-11-29,indoor,6,V6-V7,Mesa Rim Mission Valley,green,Green crimps deadpoint finish,overhang,crimp,natural,Aron
100023,2016-12-02,indoor,6,V6-V7,Mesa Rim Mission Valley,brown,"Brown sit start, sloper finish, natural",face,sloper,natural,Nick
100024,2016-12-05,indoor,7,V7-V8,Mesa Rim Mira Mesa,pink,"Pink crimps, traverse deadpoint traverse dyno",face,"crimp, pinch",natural,Casey
100025,2016-12-22,indoor,6,V6,Dogpatch,yellow,"Yellow Flakes, two traverses",face,crimp,natural,Ben Polanco
100026,2017-01-18,indoor,6,V6,Dogpatch,purple,"Purple Sloper Dyno Start, Mantel finish",variable,"jug, sloper",dyno,Radu Popescu
100027,2017-01-26,indoor,6,V6,Dogpatch,pink,"Pink corner back wall, swinging move",face,sloper,natural,
100028,2017-01-30,indoor,6,V6,Dogpatch,orange,Orange overhanging,overhang,pinch,natural,Sean Nanos
100029,2017-01-30,indoor,6,V6,Dogpatch,blue,"Blue crimps overhanging, toehook roof",overhang,crimp,natural,
100030,2017-02-01,indoor,6,V6,Dogpatch,pink,Pink piano move,variable,sloper,natural,Ben-BD
100031,2017-02-03,indoor,5,V5,Dogpatch,orange,"Orange crimps, balancey traverse left",face,crimp,natural,Sean Nanos
100032,2017-02-04,indoor,6,V6,Dogpatch,blue,"Blue juggy roof, followed by crimps, first flash",overhang,jug,natural,Hiro
100033,2017-02-05,indoor,6,V6,Dogpatch,yellow,Yellow Slab,slab,crimp,natural,Ben-BD
100034,2017-02-08,indoor,7,V7,Dogpatch,red,"Red throw up to sidepull, then gaston to right",slab,crimp,natural,Sean Nanos
100035,2017-02-09,indoor,6,V6,Dogpatch,red,"Red high right foot, sidepull top.",face,crimp,natural,Radu Popescu
100036,2017-02-10,indoor,5,V5,Dogpatch,green,Green slab traverse on crimps,slab,crimp,natural,Radu Popescu
100037,2017-02-13,indoor,6,V6,Dogpatch,blue,Blue crimps on slab,slab,crimp,natural,Jonathan Wright
100038,2017-02-14,indoor,6,V6,Dogpatch,blue,"Blue high undercling start, slab finish",slab,crimp,natural,Ben-BD
100039,2017-02-15,indoor,6,V6,Dogpatch,blue,Blue dyno comp problem,overhang,jug,comp,Radu Popescu
100040,2017-02-15,indoor,6,V6,Dogpatch,blue,Blue dyno comp problem,overhang,jug,mantle,Radu Popescu
100041,2017-02-18,indoor,6,V6,Dogpatch,yellow,Yellow Crimp Double Traverse,face,crimp,natural,Zak Grinstead
100042,2017-02-18,indoor,6,V6,Dogpatch,pink,Pink Sloper Dyno,face,sloper,dyno,Jonathan Wright
100043,2017-02-19,indoor,6,V6,Dogpatch,blue,"Blue Dropknee Start, Slab finish on slopers",slab,sloper,natural,Hiro
100044,2017-02-20,indoor,6,V6,Dogpatch,black,Black Sloper Dynos,face,sloper,dyno,Jonathan Wright
100045,2017-02-20,indoor,6,V6,Dogpatch,blue,Blue Traverse Wall,face,crimp,mantle,Hiro
100046,2017-02-20,indoor,6,V6,Dogpatch,orange,"Orange Arete, Undercling start",arete,crimp,natural,Colin Baxter Green
100047,2017-02-21,indoor,7,V7,Dogpatch,orange,Orange overhanging crimps on volumes,overhang,crimp,natural,Morgan McGehee
100048,2017-02-26,indoor,6,V6,Ironworks,green,"Green slopers, finish on arete",arete,sloper,natural,
100049,2017-02-26,indoor,7,V7,Ironworks,white,"White crimps, traverse finish",face,crimp,natural,
100050,2017-02-27,indoor,7,V7,Dogpatch,green,"Green Comp Problem dyno start, balancey finish",face,crimp,comp,Radu Popescu
100051,2017-02-28,indoor,6,V6,Dogpatch,yellow,Yellow rose move,cave,crimp,natural,Jeremy Ho
100052,2017-02-28,indoor,7,V7,Dogpatch,white,White Mirror Ape Traverse,overhang,"crimp, sloper",dyno,Led Zep
100053,2017-03-02,indoor,7,V7,Dogpatch,black,Black Crimps Reachy Moves,overhang,crimp,natural,Sean Nanos
100054,2017-03-07,indoor,6,V6,Dogpatch,blue,Blue hanging traverse start,overhang,crimp,natural,Morgan McGehee
100055,2017-03-07,indoor,6,V6,Dogpatch,green,Green crimps,face,crimp,natural,Hiro
100056,2017-03-07,indoor,6,V6,Dogpatch,pink,Pink cave traverse,cave,jug,natural,Ben Polanco
100057,2017-03-07,indoor,6,V6,Dogpatch,blue,"Blue Crimps, shitty finish",face,crimp,natural,LM
100058,2017-03-07,indoor,6,V6,Dogpatch,red,"Red crimps, can toehook crimp start hold",face,crimp,natural,Ben-BD
100059,2017-03-10,indoor,6,V6,Dogpatch,blue,"Blue undercling volume start, crimpy finish",face,crimp,natural,SFG
100060,2017-03-10,indoor,6,V6,Dogpatch,yellow,"Yellow straight dyno, then sideways dyno",cave,jug,dyno,Hiro
100061,2017-03-10,indoor,6,V6,Dogpatch,green,"Green crimps, second flash",face,crimp,natural,Buck Yedor
100062,2017-03-13,indoor,6,V6,Dogpatch,white,"White arete, slab finish",arete,crimp,natural,Zak Grinstead
100063,2017-03-14,indoor,7,V7,Dogpatch,pink,Pink jugs similar to outdoor climbing,face,sloper,natural,Hiro
100064,2017-03-15,indoor,6,V6,Dogpatch,blue,"Blue Arete Comp Problem, Cave Start, Roof Finish",cave,"crimp, sloper",comp,Radu Popescu
100065,2017-03-15,indoor,6,V6,Dogpatch,purple,"Purple Sloper Mantle around Arete, Crimp finish",arete,sloper,natural,LM
100066,2017-03-15,indoor,7,V7,Dogpatch,yellow,"Yellow traverse to a sideways dyno, short arete onto a sloper, finish out right on crimps",arete,sloper,natural,Ben-BD
100067,2017-03-17,indoor,6,V6,Dogpatch,black,"Black Overhanging Crimps, powerful throw from an undercling, traverse to finish",overhang,crimp,natural,Radu Popescu
100068,2017-03-28,indoor,6,V6,Dogpatch,yellow,"Yellow Crimps, Finish on some jugs",cave,crimp,dyno,Craig
100069,2017-03-28,indoor,6,V6,Dogpatch,blue,"Black Dyno Start, Finish on roofs",overhang,jug,dyno,Sean Nanos
100070,2017-10-15,indoor,6,V6,Dogpatch,green,"Green overhanging sidepull start, crimpy finish, flash",overhang,crimp,natural,Buck Yedor
100071,2017-04-04,indoor,7,V7,Dogpatch,black,"Black Sidepull Foot Dyno, Sloper Finish",face,sloper,dyno,LM
100072,2017-04-04,indoor,6,V6,Dogpatch,orange,Orange arete crimps,arete,crimp,natural,Hiro
100073,2017-04-07,indoor,8,V8,Dogpatch,orange,"Orange corner back wall, swinging move",overhang,"crimp, pinch",natural,Zack-ZD
100074,2017-04-08,indoor,7,V7,Dogpatch,purple,"Purple Arete, traverse start, powerful move to a sidepull, traverse to slopers, crimp finish",face,"crimp, sloper",natural,Radu Popescu
100075,2017-04-10,indoor,6,V6,Dogpatch,purple,Purple overhanging crimps,overhang,crimp,natural,Zak Grinstead
100076,2017-04-11,indoor,7,V7,Dogpatch,white,"White overhanging crimps, reachy moves",overhang,crimp,natural,Zak Grinstead
100077,2017-04-11,indoor,6,V6,Dogpatch,white,White bat hang on crimps,overhang,crimp,dyno,Morgan McGehee
100078,2017-04-13,indoor,6,V6,Dogpatch,blue,"Blue powerful sidepulls, sketchy mantle",overhang,sloper,natural,Ski
100079,2017-04-13,indoor,6,V6,Dogpatch,orange,Orange sloper arete,arete,sloper,natural,Eric Sanchez
100080,2017-04-13,indoor,7,V7,Dogpatch,yellow,Yellow crimp arete (hard),arete,crimp,natural,Colin Baxter Green
100081,2017-04-13,indoor,7,V7,Dogpatch,green,"Green arete, throw to a sloper, cut feet, label said V9 but was super soft",face,sloper,dyno,Ben Polanco
100082,2017-04-16,indoor,8,V8,Dogpatch,red,Red crimps and pinches on the back flat wall,overhang,crimp,natural,Zak Grinstead
100083,2017-04-17,indoor,7,V7,Dogpatch,blue,"Blue crimp dyno to an undercling, crimp finish",face,crimp,natural,Sean Nanos
100084,2017-04-18,indoor,5,V5,Dogpatch,purple,"Purple crimps, heel hook starting crimp, left hand into another crimp, dyno to topout",face,crimp,natural,Joshua-Ski
100085,2017-04-26,indoor,5,V5,Dogpatch,green,"Green start on sidepulls, dyno to a crimp, jugy finish",overhang,"crimp, jug",dyno,Radu Popescu
100086,2017-04-28,indoor,6,V6,Dogpatch,green,"Green so-ill slopers, traverse right",slab,sloper,natural,Zak Grinstead
100087,2017-05-02,indoor,5,V5,Dogpatch,purple,"Purple dragon ball holds, mantle",face,sloper,mantle,LM
100088,2017-05-02,indoor,6,V6,Dogpatch,white,"White crimps on the front arch, soft, finished in 12 seconds",overhang,crimp,natural,Ben-BD
100089,2017-05-03,indoor,6,V6,Dogpatch,black,Easy black comp problem with large sloper volumes (misgraded as V8),overhang,sloper,comp,Radu Popescu
100090,2017-05-09,indoor,7,V7,Dogpatch,purple,Purple three dynos in a row,face,jug,dyno,Sean Nanos
100091,2017-05-13,indoor,6,V6,Dogpatch,white,White sidepull on slopers,slab,sloper,natural,Justin Alarcon
100092,2017-05-13,indoor,6,V6,Dogpatch,orange,Orange pinches to crimps,face,"crimp, pinch",natural,Zak Grinstead
100093,2017-05-18,indoor,6,V6,Dogpatch,yellow,"Yellow volumes, mantle onto first volume, push on a ceiling, dyno to the top",face,jug,mantle,Sean Nanos
100094,2017-05-19,indoor,8,V8,Dogpatch,orange,Orange pinches all the way,overhang,pinch,natural,Ben Polanco
100095,2017-05-19,indoor,8,V8,Dogpatch,red,"Red cave dyno, slopers at the lip",cave,"crimp, jug, sloper",dyno,Sean Nanos
100096,2017-05-22,indoor,7,V7,Dogpatch,purple,"Purple Sideways Dyno, then dyno finish",overhang,jug,dyno,Zak Grinstead
100097,2017-05-31,indoor,5,V5,Dogpatch,yellow,Yellow jugs on the low roof,cave,jug,natural,Hiro
100098,2017-06-01,indoor,7,V7,Mission Cliffs,yellow,"Yellow arete in Mission Cliffs, big reaches, big holds",arete,jug,natural,LM
100099,2017-06-02,indoor,7,V7,Dogpatch,red,"Red, traverse around arete, two opposing sidepulls",face,crimp,natural,LM
100100,2017-06-05,indoor,8,V8,Dogpatch,black,"Black balancey moves, double clutch finish",face,sloper,comp,Radu Popescu
100101,2017-06-07,indoor,7,V7,Dogpatch,orange,"Orange dyno to a jug, then bathang, traverse underneath, crimp and pinch finish",cave,sloper,dyno,Sean Nanos
100102,2017-06-12,indoor,7,V7,Dogpatch,blue,"Blue crimpy, balancey start to a sloper, undercling dyno to the top, kid's wall",slab,crimp,natural,Zak Grinstead
100103,2017-06-13,indoor,7,V7,Dogpatch,yellow,"Yellow traverse to arete, bicycle a pinch, then dyno finish from a sidepull",slab,crimp,natural,Ben-BD
100104,2017-06-13,indoor,7,V7,Dogpatch,yellow,Yellow run and jump,slab,jug,dyno,Clinic
100105,2017-06-21,indoor,7,V7,Ironworks,white,"White traverse right, then traverse left, campus on crimps",face,crimp,natural,Max Krimmer
100106,2017-07-17,indoor,7,V7,Dogpatch,orange,"Orange run and jump, comp problem 58",face,jug,comp,Woman Up
100107,2017-07-23,indoor,7,V7,Dogpatch,black,Black dyno to half crescent jug on the wave,face,"jug, sloper",dyno,Max Krimmer
100108,2017-07-25,indoor,8,V8,Dogpatch,white,"White Comp Problem Number 61, dyno from an undercling, ",overhang,pinch,natural,Woman Up
100109,2017-08-01,indoor,7,V7,Dogpatch,black,Black dyno to a half crescent sloper on the back wall,face,"jug, sloper",dyno,Max Krimmer
100110,2017-08-09,indoor,7,V7,Dogpatch,pink,"Pink Comp Problem Number 52, Dynamic movements between jugs",overhang,jug,comp,Woman Up
100111,2017-08-16,indoor,7,V7,Dogpatch,green,"Green Zak, two dynos to the top",overhang,sloper,dyno,Zak Grinstead
100112,2017-08-18,indoor,7,V7,Dogpatch,green,"Green Comp Problem Number 56, So-Ill bubbles",face,sloper,comp,Woman Up
100113,2017-08-20,indoor,7,V7,Dogpatch,pink,"Pink deadpoint to a right hand sloper, reachy left hand before top out",face,sloper,natural,Max Krimmer
100114,2017-08-20,indoor,7,V7,Dogpatch,orange,"Orange Comp Problem Number 54, Jug start, left hand crimp to a hand jam, then crimps up. First V7 flash",face,crimp,comp,Woman Up
100115,2017-08-20,indoor,9,V9,Dogpatch,white,"White undercling start, dynamic move to a pinch, match on sloper, dynamic move to crimp, crimpy finish",overhang,"crimp, pinch",natural,Morgan McGehee
100116,2017-08-22,indoor,7,V7,Dogpatch,yellow,Yellow Comp Final #1,slab,sloper,comp,Woman Up
100117,2017-08-27,indoor,8,V8,Dogpatch,pink,"Pink crimps, knee bar through intro, then crimpy finish",overhang,"crimp, pinch, sloper",natural,Sean Nanos
100118,2017-08-27,indoor,7,V7,Dogpatch,yellow,"Yellow Comp Problem, Dyno Start, Mantel on a crimp to a sidepull jug",face,"crimp, jug",dyno,Radu Popescu
100119,2017-09-10,indoor,6,V6,Cliffs of Id,green,Green dyno onto two pipes,overhang,jug,dyno,DC
100120,2017-09-12,indoor,8,V8,Dogpatch,orange,Orange overhanging dyno to a bad pinch,overhang,pinch,dyno,Max Krimmer
100121,2017-09-13,indoor,8,V8,Dogpatch,green,Green overhanging traverse twice,overhang,jug,natural,Ben Polanco
100122,2017-09-18,indoor,8,V8,Dogpatch,purple,Purple overhang crimp to pinch,overhang,"crimp, pinch",natural,Mark Heal
100123,2017-09-18,indoor,7,V7,Dogpatch,orange,"Orange Comp Problem, do a sideways fall into a volume, then dyno from a crimp to a distant mushroom around the arete",face,jug,comp,
100124,2017-09-21,indoor,7,V7,Dogpatch,purple,"Purple slopers with crimps behind them, face climbing",face,"crimp, sloper",natural,Colin Baxter Green
100125,2017-09-26,indoor,7,V7,Dogpatch,green,Light Green Roof Comp Problem,cave,jug,natural,Woman Up
100126,2017-09-26,indoor,7,V7,Dogpatch,pink,"Pink face climb, dyno to an undercling sidepull, then some jugs, then a dyno finish",face,"pinch, sloper",dyno,Zak Grinstead
100127,2017-09-26,indoor,7,V7,Dogpatch,green,"Dark Green Roof Problem, good holds all the way through, finish on some crimps",cave,"crimp, jug",natural,Max Krimmer
100128,2017-09-27,indoor,7,V7,Dogpatch,pink,"Pink two dynos, mantle to the right for topout",overhang,jug,dyno,Max Krimmer
100129,2017-09-28,indoor,7,V7,Dogpatch,yellow,Soft yellow crimp ladder on the mushroom,overhang,crimp,natural,Max Krimmer
100130,2017-09-28,indoor,8,V8,Dogpatch,blue,"Blue one move wonder start, bump left hand to a crimp and hold the swing, easy topout",overhang,crimp,natural,Buck Yedor
100131,2017-09-30,indoor,8,V8,Dogpatch,yellow,"Yellow lieback on a jug, do a rose move while upside-down to a pinch, reach over to a crimp, then swing over. Difficult mantel after the semi-knee bar, slabby topout.",overhang,"crimp, pinch",natural,Radu Popescu
100132,2017-10-02,indoor,7,V7,Dogpatch,green,Green typical Max problem with dyno and mantle,face,sloper,comp,Max Krimmer
100133,2017-10-03,indoor,7,V7,Peak of Fremont,purple,"Purple arete, overhanging start, powerful move to a crimp, bump up to sloper, traverse left to slopers by toe hooking the sloper, reachy finish",arete,"crimp, sloper",natural,
100134,2017-10-07,indoor,8,V8,Studio Climbing,red,"Red dyno/deadpoint to a sloper, move onto crimps, dyno finish, grade was inflated to V9",overhang,"crimp, sloper",dyno,Art
100135,2017-10-09,indoor,7,V7,Metrorock Everette,black,"Black crimps, Advanced Route #1",overhang,crimp,natural,
100136,2017-10-21,indoor,7,V7,The Cliffs at LIC,black,Black arete on slopers,arete,sloper,natural,
100137,2017-10-28,indoor,8,V8,Studio Climbing,purple,Purple rainbow rocket emulator,face,jug,comp,Kessler
100138,2017-11-13,indoor,8,V8,Planet Granite Belmont,blue,"Blue throw to an arete, toe hook arete, big move to a jug, rose move through a pinch onto slopers",arete,jug,natural,Cath
100139,2017-11-16,indoor,7,V7,Planet Granite Belmont,green,Green pipes,cave,"pinch, jug",natural,
100140,2017-11-18,indoor,8,V8,Dogpatch,purple,"Purple slopers, super soft",overhang,sloper,natural,Jonathan Wright
100141,2017-11-19,indoor,5,V5,Dogpatch,orange,"Orange dyno to a jug, easy topout",overhang,jug,dyno,Max Krimmer
100142,2017-11-21,indoor,8,V8,Planet Granite Belmont,orange,Orange crimps,face,crimp,natural,Chaj
100143,2017-12-03,indoor,7,V7,Dogpatch,yellow,"Yellow Comp Problem, back wall, overhang",overhang,crimp,comp,Woman Up
100144,2017-12-08,indoor,7,V7,Dogpatch,black,"Black pinches on the mushroom, dyno into a sloper, mantle the topout",overhang,pinch,dyno,Max Krimmer
100145,2017-12-05,indoor,5,V5,Dogpatch,orange,"Orange crimps on back topout near the downclimb ladders, sketchy",slab,crimp,comp,Buck Yedor
100146,2017-12-10,indoor,8,V8,Dogpatch,green,Green crimps on the wave,face,crimp,natural,Radu Popescu
100147,2017-12-22,indoor,7,V7,Dogpatch,orange,"Orange run and jump to pinches, heel-hook dynamic move to a pinch, easy topout",face,pinch,comp,Nilo Batle
100148,2018-01-06,indoor,6,V6,Dogpatch,orange,"Orange volumes on the wave, no hands entire route",slab,crimp,natural,
100149,2018-01-13,indoor,5,V5,Dogpatch,pink,"Pink jugs to crimps, easy topout, Comp Problem # 50",overhang,"crimp, jug",natural,
100150,2018-01-15,indoor,8,V8,Dogpatch,blue,Blue comp problem with a dyno and a crimp,overhang,crimp,natural,Radu Popescu
100151,2018-01-15,indoor,9,V9,Dogpatch,blue,"Blue crimps, easy intro, hard deadpoint finish",overhang,crimp,natural,Justin Alarcon?
100152,2018-01-17,indoor,5,V5,Dogpatch,purple,Purple grapes on the slab,slab,crimp,natural,Radu Popescu
100153,2018-01-20,indoor,6,V6,The Cliffs at LIC,green,"Green crimps, traverse left, difficult finish",face,crimp,natural,
100154,2018-01-28,indoor,8,V8,Dogpatch,blue,"Blue, two deadpoint moves on crimps underneath the arch, eases up on flakes to a finish jug",overhang,"crimp, jug",natural,Ari
100155,2018-02-11,indoor,10,V10,Dogpatch,pink,"Pink crimps, rose move to an arete, then a tricky lockoff to a sloper crimp",face,crimp,natural,Nilo Batle
100156,2018-02-13,indoor,6,V6,Dogpatch,pink,"Pink crimps to jugs, full campus",overhang,"crimp, jug",natural,Max Krimmer
100157,2018-02-24,indoor,6,V6,Dogpatch,purple,"Purple dyno to a jug, then up to a plate crimps, then top",face,jug,dyno,Nick Noel
100158,2018-02-27,indoor,5,V5,Dogpatch,yellow,Yellow step-up dyno eliminate,face,jug,comp,Zak Grinstead
100159,2018-03-03,indoor,6,V6,Dogpatch,blue,"Blue crimps on the cave, full campus",overhang,crimp,natural,Sean Keehan
100160,2018-03-09,indoor,8,V8,Dogpatch,black,"Black slopers, come out from under the roof, campus to another sloper, mantle around an arete on a pinch",cave,sloper,natural,Zak Grinstead
100161,2018-03-18,indoor,8,V8,Dogpatch,green,"Green so-ill slopers, easy beginning, sketchy top traverse",face,sloper,natural,Zak Grinstead
100162,2018-03-27,indoor,5,V5,Dogpatch,purple,Purple run and jump on pinches,slab,pinch,comp,Nick Noel
100163,2018-03-27,indoor,6,V6,Dogpatch,black,"Black pinches, dyno for jug at the end",face,pinch,dyno,Ben Polanco
100164,2018-04-09,indoor,7,V7,Mission Cliffs,green,Green everything,overhang,"crimp, pinch, sloper",natural,Ben Polanco
100165,2018-04-13,indoor,8,V8,Dogpatch,white,White comp dyno,face,sloper,comp,EZ
100166,2018-04-24,indoor,8,V8,Dogpatch,orange,"Orange dyno to sloper, arete",overhang,sloper,natural,Nilo Batle
100167,2018-04-26,indoor,7,V7,Mission Cliffs,green,Green Crimps,overhang,crimp,natural,Nilo Batle
100168,2018-05-15,indoor,8,V8,Dogpatch,yellow,Yellow slab dyno with crimp finish,slab,jug,dyno,Nick Noel
100169,2018-05-22,indoor,9,V9,Dogpatch,black,"Black sloper arete, cut free three times",arete,sloper,natural,Nilo Batle
100170,2018-05-31,indoor,9,V9,Dogpatch,purple,"Purple dyno to a crimp rail, then up the face of an arete, dyno finish",face,crimp,natural,Zak Grinstead
100171,2018-06-04,indoor,8,V8,Dogpatch,pink,"Pink comp dyno, easy finish",face,jug,comp,Nick Noel
100172,2018-06-09,indoor,8,V8,Dogpatch,blue,"Blue blocks, dynamic moves, dyno finish",face,jug,dyno,Ezzy
100173,2018-06-12,indoor,8,V8,Dogpatch,orange,"Orange pinches in the cave, crimp finish",cave,pinch,natural,Morgan McGehee
100174,2018-06-13,indoor,7,V7,Dogpatch,blue,Blue comp dyno,cave,jug,comp,Nilo Batle
100175,2018-06-17,indoor,8,V8,Ironworks,green,Green jug haul on barrel,overhang,jug,natural,Max Krimmer
100176,2018-07-11,indoor,7,V7,Dogpatch,pink,Pink triple dyno,face,sloper,comp,Morgan McGehee
100177,2018-07-22,indoor,8,V8,Peak of Fremont,blue,"Blue jugs, super inflated, nearly flashed",face,jug,natural,
100178,2018-07-31,indoor,8,V8,Dogpatch,yellow,"Yellow crimps, super inflated, first V8 flash",overhang,crimp,natural,Morgan McGehee
100179,2018-08-14,indoor,8,V8,Dogpatch,green,"Green crimps on the back wall, campus’ed the crimps",overhang,crimp,natural,Kat Gentry
100180,2018-08-21,indoor,8,V8,Ironworks,green,"Green step up dyno to a sloper, had to two hand grab the finish hold",face,sloper,comp,TCS
100181,2018-08-28,indoor,10,V10,Mission,red,"Red undercling to two separate crimps, swing feet from left to right, crimp sloper pinch, dyno finish",overhang,crimp,natural,Ben Polanco
100182,2018-09-30,indoor,8,V8,Ironworks,green,"Green slopers, traverse left then right, can also skip holds on the arete",face,sloper,comp,Nick Noel
100183,2018-10-05,indoor,9,V9,Great Western,pink,"Pink prow problem, lock off on right lip crimp, grab a left lip crimp, dynamic move to a sidepull, grab a gaston",overhang,crimp,natural,EZ
100184,2018-10-09,indoor,9,V9,Diablo Rock,black,"Black start on sloper, grab a crimp, grab another crimp to prevent a swing, dyno to a donut, mantle to finish hold",overhang,"crimp, sloper",natural,Ski
100185,2018-10-28,indoor,8,V8,The Studio Climbing,purple,"Rainbow rocket emulator, step-up dyno",face,jug,comp,Kessler
100186,2018-11-02,indoor,9,V9,Dogpatch,pink,"Pink dyno to a sloper on the lip, back wall",overhang,sloper,natural,Radu Popescu
100187,2018-11-23,indoor,6,V6,Earthtreks Rockville,white,"White swinging jump dyno to an undercling on the left, pinch finish. “6 Minute Drill”",face,"jug, pinch",comp,Skilla
100188,2018-11-23,indoor,7,V7,Earthtreks Rockville,pink,"Pink bat hang to a face climb on pinches, soft",overhang,pinch,natural,Shane
100189,2018-11-29,indoor,7,V7,Dogpatch,blue,"Blue swinging jump dyno to a crimp, jug finish, Women’s Comp Final #1",overhang,"crimp, jug",comp,Sean Nanos
100190,2018-11-30,indoor,6,V6,Planet Granite Sunnyvale,yellow,Yellow run and jump to pipes,face,jug,comp,
100191,2018-12-16,indoor,6,V6,The Studio Climbing,orange,Orange run and jump to the right,face,pinch,comp,Kessler
100192,2018-12-19,indoor,9,V9,Dogpatch,blue,"Blue dynamic moves to a shelf, then a difficult mantle",overhang,"crimp, sloper",dyno,Radu Popescu
100193,2019-01-04,indoor,7,V7,Climb Central Manilla,green,"Green crimps to pinches, traverse left to finish hold",face,"crimp, pinch",natural,
100194,2019-01-12,indoor,8,V8,Dogpatch,white,"White dyno start, crimpy finish, on expansion overhang",overhang,"crimp, sloper",dyno,Kurt Jalapeno
100195,2019-02-09,indoor,6,V6,Dogpatch,purple,"Purple comp dyno to the right, easy finish on jugs",overhang,jug,comp,Kurt Jalapeno
100196,2019-02-26,indoor,9,V9,Dogpatch,blue,Blue crimps on the wave,face,crimp,natural,Morgan McGehee
100197,2019-03-05,indoor,9,V9,Dogpatch,purple,Purple crimps in the back,slab,crimp,natural,Nilo Batle
100198,2019-03-06,indoor,7,V7,Dogpatch,purple,"Purple dyno to a jug, jump dyno to the left, easy finish",face,jug,comp,Nick Noel
100199,2018-04-09,indoor,8,V8,Diablo Rock,purple,Purple comp dyno,face,sloper,comp,
100200,2019-05-03,indoor,9,V9,Dogpatch,orange,Orange overhung pinches,overhang,pinch,natural,Max Krimmer
100201,2019-05-04,indoor,9,V9,The Studio Climbing,colorless,"Two dynos, followed by sketchy crimps",overhang,crimp,dyno,James Shen
100202,2019-05-10,indoor,9,V9,Dogpatch,white,"White undercling start, sideways dyno, followed by straight up dyno high off the ground",overhang,jug,natural,Max Krimmer
100203,2019-05-17,indoor,10,V10,Great Western,orange,Powerful orange pinches,overhang,pinch,natural,Nilo Batle
100204,2019-06-14,indoor,6,V6,Dogpatch,purple,Purple foot chips,slab,crimp,natural,Nilo Batle
100205,2019-06-18,indoor,7,V7,Diablo Rock,red,"Red crimps, dyno to a jug",face,crimp,natural,Colin Baxter Green
100206,2019-06-19,indoor,6,V6,Great Western,orange,"Orange pinches, double-clutch dyno to the left",overhang,pinch,dyno,
100207,2019-06-24,indoor,9,V9,Dogpatch,white,"White dyno start, crimpy finish, on the arch",overhang,crimp,dyno,Max Krimmer
100208,2019-07-21,indoor,7,V7,Dogpatch,purple,"Purple plate crimps, dyno to the right, hold the swing, Womxn Up Comp Problem # 58",overhang,crimp,natural,
100209,2019-07-21,indoor,8,V8,Dogpatch,blue,"Blue jump dyno to the left, sketchy topout, Womxn Up Comp Problem # 58",face,crimp,comp,
100210,2019-07-23,indoor,8,V8,Dogpatch,black,"Black pinches on 30 degree wall, dyno to the top, Womxn Up Comp Problem # 59",overhang,pinch,natural,Zoey Grinstead
100211,2019-08-12,indoor,11,V11,Dogpatch,orange,"Orange crimps and pinches, dynamic",overhang,"crimp, pinch",natural,
100212,2019-09-28,indoor,6,V6,Berkeley Ironworks,black,"Black plate crimps, double dyno to the left",face,crimp,dyno,
100213,2019-10-23,indoor,9,V9,Dogpatch,orange,"Orange pinches, pogo dyno, easy mantle",overhang,pinch,dyno,Kurt Jalapeno
100214,2019-11-13,indoor,7,V7,Berkeley Ironworks,white,"White undercling start, left hand to a plate crimp, pogo to a double clutch, simple dyno to finish",overhang,crimp,comp,EZ
100215,2019-11-24,indoor,5,V5,Sportrock Alexandria,red,Red jump-and-catch double clutch dyno,face,jug,comp,
100216,2019-11-24,indoor,6,V6,Sportrock Alexandria,red,"Red crimps, traverse left, then straight up an arete, very difficult flash",face,crimp,natural,Alex Brown
100217,2019-11-24,indoor,7,V7,Sportrock Alexandria,purple,"Purple crimps, hulk-like right hand cross deadpoint to a crimp, traverse right on crimps",face,crimp,natural,Alex Brown
100218,2019-11-24,indoor,6,V6,Sportrock Alexandria,red,"Red jump across the mat onto a jug, pinchy, compression top, Male #2",overhang,pinch,comp,
100219,2019-11-29,indoor,8,V8,Sportrock Alexandria,green,"Green undercling to some crimps, traverse right on pinch blocks, desperate last two moves",face,pinch,natural,Jeremiah D Cantrell
100220,2019-12-15,indoor,8,V8,Berkeley Ironworks,red,"Red overhanging crimps, toe-hook two moves in",overhang,crimp,natural,
100221,2019-12-16,indoor,8,V8,Diablo Rock,green,"Green jugs underneath roof, come out onto crimps, dyno for a crimp, jug traverse left to finish",overhang,crimp,natural,Kurt Jalapeno
100222,2019-12-22,indoor,7,V7,Mesa Rim Mission Valley,purple,"Purple crimps and pinches on a face, difficult traverse in the middle",face,"crimp, pinch",natural,Nolan
100223,2019-12-22,indoor,8,V8,Mesa Rim Mission Valley,white,"White crimps, perch on bad foot to reach a far-left sidepull gaston",face,crimp,natural,Leo
100224,2019-12-23,indoor,7,V7,Grotto Climbing,purple,"Purple big moves on  crimps, sketchy top way off the deck, pumpy and long",cave,"crimp, pinch",natural,
100225,2020-01-07,indoor,9,V9,Berkeley Ironworks,green,"Green pinches, dynamic moves across an overhang",overhang,pinch,natural,KSO
100226,2020-01-14,indoor,8,V8,Dogpatch,yellow,"Yellow comp style pinches, huge windmill dyno to a sloper",arete,pinch,comp,
100227,2020-01-23,indoor,8,V8,Dogpatch,purple,"Purple compression roof, large power moves with cut feet",cave,"crimp, jug",natural,YIM
100228,2020-01-25,indoor,8,V8,Berkeley Ironworks,white,"White left pogo to catch a crimp, grab a sloper, then traverse right to hold a barndoor using a gaston, desperate",face,crimp,natural,
100229,2020-01-28,indoor,9,V9,Mission Cliffs,blue,"Blue start underneath in the cave, big move out, compress on crimps",overhang,crimp,natural,Morgan McGehee
100230,2020-02-13,indoor,8,V8,Mission Cliffs,green,Green crimps along arete. Traverse left through a sloper to some crimps.,arete,crimp,natural,Kris Vidal
100231,2020-02-16,indoor,9,V9,Planet Granite Santa Clara,blue,"Blue start underneath a roof with a knee bar, reach out to sloper, big move to a crimp, sloper finish",overhang,sloper,natural,
100232,2020-02-18,indoor,9,V9,Dogpatch,blue,"Blue compression problem in overhang section of on back topout, big move to the lip, campus, then easy mantle finish",overhang,crimp,natural,WWF
100233,2020-02-27,indoor,8,V8,Ironworks,black,"Black compression arete on slopers, balancey finish hold.",arete,sloper,natural,JK
100234,2020-03-02,indoor,7,V7,Dogpatch,black,"Black 1-2 dyno to arete, easy finish around corner",overhang,jug,comp,Kurt Jalapeno
100235,2020-03-02,indoor,8,V8,Dogpatch,pink,"Pink crimps, traverse to left, then right",face,crimp,natural,Nick Noel
100236,2020-03-15,indoor,8,V8,Mission Cliffs,white,White crimps,face,crimp,natural,Colin Baxter Green
100237,2020-06-08,indoor,5,V5,Mesa Rim Reno,yellow,Yellow dyno,face,jug,dyno,
100238,2020-06-10,indoor,7,V7,Mesa Rim Reno,black,"Black undercling to some crimps, come out from under roof, more crimps",overhang,crimp,natural,
100239,2020-06-10,indoor,6,V6,Mesa Rim Reno,yellow,"Yellow compression start, big moves between jugs",overhang,jug,natural,
100240,2020-06-10,indoor,6,V6,Mesa Rim Reno,red,Red crimps,face,crimp,natural,
100241,2020-06-12,indoor,7,V7,Mesa Rim Reno,yellow,Yellow big moves between squre pinches,overhang,pinch,natural,
100242,2020-06-12,indoor,7,V7,Mesa Rim Reno,purple,"Purple crimps, jump required",face,crimp,natural,
100243,2020-06-12,indoor,7,V7,Mesa Rim Reno,white,"White crimps, flash",face,crimp,natural,
100244,2020-06-12,indoor,6,V6,Mesa Rim Reno,purple,"Purple crimps on an arete, very difficult",arete,crimp,natural,
100245,2020-06-16,indoor,6,V6,Sacramento Pipeworks,black,"Black undercling start, crimps on an overhang",overhang,crimp,natural,
100246,2020-06-18,indoor,6,V6,Boulder Field,orange,"Orange slab, jump from crimps to top",slab,crimp,natural,
100247,2020-06-18,indoor,6,V6,Boulder Field,purple,Purple pinches on an overhang,overhang,pinch,natural,
100248,2020-06-18,indoor,7,V7,Boulder Field,black,Black crimps and pockets,face,"crimp, pocket",natural,
100249,2020-06-18,indoor,5,V5,Boulder Field,red,Red big moves between pinches,overhang,pinch,natural,
100250,2020-06-18,indoor,6,V6,Boulder Field,purple,Purple slab with crimps,slab,crimp,natural,
100251,2020-06-23,indoor,7,V7,Boulder Field,purple,Purple slab with crimps and pinches,slab,"crimp, pinch",natural,
100252,2020-06-23,indoor,5,V5,Boulder Field,red,Red slab with vertical pinches,slab,pinch,natural,
100253,2020-06-23,indoor,6,V6,Boulder Field,red,"Red slab with crimps, weird balancey move near top",slab,crimp,natural,
100254,2020-06-26,indoor,8,V8,Mesa Rim Reno,yellow,"Yellow start on arete, move to face, mantle over a pinch near top",face,"crimp, pinch",natural,
100255,2020-06-26,indoor,6,V6,Mesa Rim Reno,purple,"Purple comp-style slab, use crimps and volumes to move over a sloper",slab,crimp,comp,
100256,2020-06-26,indoor,6,V6,Mesa Rim Reno,orange,"Orange coordination dyno, easy top on pinches",face,"crimp, pinch",comp,
100257,2020-09-17,indoor,6,V6,Beta Bouldering,black,"Black traverse right past sloper, traverse left to finish hold",face,sloper,natural,
100258,2020-09-27,indoor,8,V8,Planet Granite Belmont,blue,"Blue start on arete, move to compression pinches, big dyno left to a sloper",overhang,"pinch, sloper",compression,
100259,2020-10-15,indoor,6,V6,Planet Granite Sunnyvale,red,Red crimps,face,crimp,natural,
100260,2020-10-21,indoor,9,V9,Diablo Rock,purple,"Purple cave start, move between pinches, crimp to finish",cave,"crimp, pinch",natural,Jyee
100261,2020-11-13,indoor,7,V7,Planet Granite Santa Clara,green,"Green crimps, knee bar in the middle, desperate top",overhang,crimp,natural,
100262,2020-11-16,indoor,7,V7,Dogpatch,blue,Blue paddle-dyno,overhang,jug,comp,YIM
100263,2020-11-16,indoor,9,V9,Dogpatch,white,"White knee bar on pinches, upside-down knee-bar to a crimp, undercling to a handjam, desperate finish on crimps",overhang,"crimp, pinch",comp,Nilo Batle
200001,2016-12-11,outdoor,0,V0,Joshua Tree,green,Discount Dyno,face,"crimp, sloper",natural,
200002,2016-12-11,outdoor,0,V0,Joshua Tree,green,Unnamed on Discount Dyno boulder,arete,"crimp, sloper",natural,
200003,2016-12-11,outdoor,3,V3,Joshua Tree,blue,Turnbuckle,face,crimp,natural,
200004,2016-12-11,outdoor,0,V0,Joshua Tree,green,Unnamed slab 5.8 (#50),slab,crimp,natural,
200005,2016-12-14,outdoor,2,V2,Joshua Tree,blue,Barker Dam Lip Traverse FA,overhang,jug,natural,FA
200006,2016-12-14,outdoor,0,V0,Joshua Tree,green,Unnamed V0+ in The Chube cluster (#59),face,crimp,natural,
200007,2016-12-26,outdoor,0,V0,Castle Rock,green,Unnamed V0 on Groundation boulder,overhang,jug,natural,
200008,2017-01-14,outdoor,3,V3,Red Rocks,blue,Fin,arete,crimp,natural,
200009,2017-01-14,outdoor,2,V2,Red Rocks,green,Put Your Shoes On Arete,arete,crimp,natural,
200010,2017-01-14,outdoor,2,V2,Red Rocks,green,Fluffer,face,jug,natural,
200011,2017-01-14,outdoor,2,V2,Red Rocks,blue,Potato Chips,overhang,crimp,natural,"Scott Gordon, Jon Martinet, Randal Grandstaff"
200012,2017-01-14,outdoor,2,V2,Red Rocks,green,Perked Up,arete,crimp,natural,
200013,2017-01-15,outdoor,3,V3,Henderson Boulders,green,Unnamed Left Face on the Downstream Boulders (#73),face,crimp,natural,
200014,2017-01-15,outdoor,2,V2,Henderson Boulders,green,Unnamed Right Face on the Downstream Boulders (#74),face,crimp,natural,
200015,2017-01-15,outdoor,2,V2,Henderson Boulders,blue,Ultra Classic,overhang,"crimp, jug",natural,
200016,2017-02-13,outdoor,2,V2,Castle Rock,blue,Domino Theory,face,crimp,natural,
200017,2017-02-13,outdoor,1,V1,Castle Rock,green,Mrs. Magoo Groove,slab,sloper,natural,
200018,2017-02-13,outdoor,2,V2,Castle Rock,green,Mr. Magoo Face Sit Start,face,crimp,natural,
200019,2017-02-13,outdoor,1,V1,Castle Rock,green,Dog Dish Warm-Up,face,crimp,natural,
200020,2017-02-13,outdoor,3,V3,Castle Rock,blue,Magoo Slab,face,sloper,natural,
200021,2017-02-13,outdoor,1,V1,Castle Rock,green,"Mr. Magoo Unnamed, to the right of overhanging lieback",face,jug,natural,
200022,2017-02-13,outdoor,1,V1,Castle Rock,green,Mr. Magoo (with knee bar),overhang,jug,natural,
200023,2017-02-25,outdoor,4,V4,Castle Rock,blue,Beak Traverse,face,"jug, pinch",dyno,Barry Bates
200024,2017-02-25,outdoor,0,V0,Castle Rock,green,Unnamed V0 in Backside Boulders,face,jug,natural,
200025,2017-02-26,outdoor,2,V2,Berkeley Indian Rock,green,Number 3 Crack,arete,crimp,natural,
200026,2017-02-26,outdoor,2,V2,Berkeley Indian Rock,green,Little Prow,arete,jug,natural,
200027,2017-02-26,outdoor,3,V3,Berkeley Indian Rock,green,Ape Traverse early exit,overhang,jug,natural,
200028,2017-02-26,outdoor,1,V1,Berkeley Indian Rock,green,Pegboard,face,jug,natural,
200029,2017-02-26,outdoor,0,V0,Castle Rock,green,Indian Face Warm-up,face,jug,natural,
200030,2017-02-26,outdoor,0,V0,Castle Rock,green,Roid Rage,face,jug,natural,
200031,2017-02-26,outdoor,2,V2,Castle Rock,green,Raw Honey,overhang,"jug, sloper",natural,
200032,2017-02-26,outdoor,3,V3,Castle Rock,green,Sticky Rice,overhang,jug,natural,
200033,2017-03-11,outdoor,5,V5,Castle Rock,blue,Bate’s Problem,face,"sloper, crimp",dyno,Barry Bates
200034,2017-03-19,outdoor,3,V3,Castle Rock,blue,Lost Keys Face,face,sloper,mantle,
200035,2017-04-02,outdoor,6,V6,Castle Rock,orange,Lost Keys Traverse,overhang,"jug, sloper, crimp",natural,Jeremy Meigs
200036,2017-04-02,outdoor,4,V4,Castle Rock,blue,Santa Cruz Dude,face,crimp,natural,Chris Sharma
200037,2017-04-02,outdoor,3,V3,Castle Rock,green,Sticky Rice Link Up,overhang,jug,natural,
200038,2017-04-02,outdoor,1,V1,Castle Rock,green,The Shark Variation,cave,jug,natural,
200039,2017-04-29,outdoor,1,V1,Castle Rock,green,Funky Arete in the Nature Nazi area,arete,crimp,natural,
200040,2017-04-29,outdoor,0,V0,Castle Rock,green,Unnamed V0 slab left,slab,crimp,natural,
200041,2017-04-29,outdoor,0,V0,Castle Rock,green,Unnamed V0 slab right,slab,crimp,natural,
200042,2017-04-29,outdoor,2,V2,Castle Rock,blue,Minimalism,slab,crimp,natural,
200043,2017-04-29,outdoor,4,V4,Castle Rock,blue,Santa Cruz Dude,face,crimp,dyno,Chris Sharma
200044,2017-05-08,outdoor,1,V1,Castle Rock,green,Mr. Magoo Dyno,face,sloper,dyno,
200045,2017-05-14,outdoor,0,V0,Columbia College,green,The Off-Width,crack,jug,natural,
200046,2017-05-14,outdoor,3,V3,Columbia College,blue,The Gold Wall,overhang,sloper,natural,
200047,2017-05-14,outdoor,3,V3,Columbia College,blue,Falkenstein Crack,overhang,"crimp, jug",natural,
200048,2017-05-21,outdoor,1,V1,Mount Tamalpais,green,The Best Damn,slab,crimp,natural,
200049,2017-05-21,outdoor,1,V1,Mount Tamalpais,green,Contact High,slab,crimp,natural,
200050,2017-05-21,outdoor,2,V2,Mount Tamalpais,blue,The Old Man Card,face,sloper,mantle,
200051,2017-05-31,outdoor,2,V2,Bishop Happy Boulders,blue,Auto-Gedden (Jesus Chrysler Traverse),overhang,"crimp, jug",natural,
200052,2017-05-31,outdoor,3,V3,Bishop Happy Boulders,green,Monkey Hang,cave,jug,natural,
200053,2017-05-31,outdoor,4,V4,Bishop Happy Boulders,blue,Impulse Control,overhang,"crimp, sloper",natural,Chris Tracy
200054,2017-06-04,outdoor,1,V1,Mickey’s Beach,green,Diagonal Ramp on the Orange Buddha Boulder,face,crimp,natural,
200055,2017-06-04,outdoor,2,V2,Mickey’s Beach,green,Baseball on the Orange Buddha Boulder (used to be V4),face,crimp,natural,
200056,2017-06-04,outdoor,1,V1,Mickey’s Beach,green,"Don’t worry, be slappy (used to be V6)",face,crimp,natural,
200057,2017-06-04,outdoor,2,V2,Stinson Beach,blue,Unnamed slab,slab,crimp,natural,
200058,2017-06-04,outdoor,1,V1,Stinson Beach,green,Warm Up Arete,arete,crimp,natural,
200059,2017-06-04,outdoor,1,V1,Stinson Beach,green,Unnamed south face,overhang,crimp,natural,
200060,2017-06-11,outdoor,1,V1,Castle Rock,green,Mr. Magoo Run and Jump,face,jug,comp,
200061,2017-06-11,outdoor,2,V2,Castle Rock,blue,Domino Theory (dyno beta),face,"crimp, jug",dyno,
200062,2017-07-07,outdoor,3,V3,Black Mountain,blue,Gypsy’s Day Out,overhang,crimp,natural,
200063,2017-07-07,outdoor,1,V1,Black Mountain,green,Little Saigon Left Arete,overhang,crimp,natural,
200064,2017-07-07,outdoor,0,V0,Black Mountain,green,Unnamed 5.9 slab,slab,crimp,natural,
200065,2017-07-07,outdoor,2,V2,Black Mountain,blue,Front Wheel Drive,slab,crimp,natural,
200066,2017-07-07,outdoor,0,V0,Joshua Tree,green,Pork Rinds 5.8 (#9),face,"jug, pinch",natural,
200067,2017-07-08,outdoor,0,V0,Joshua Tree,green,Pothole Mantle #2,face,sloper,mantle,
200068,2017-07-08,outdoor,0,V0,Joshua Tree,green,Pothole Problem #2,face,sloper,mantle,
200069,2017-07-08,outdoor,0,V0,Joshua Tree,green,Pothole Mantle #1,face,sloper,mantle,
200070,2017-07-09,outdoor,2,V2,Grizzly Peak,green,Main Boulder East Face,overhang,"crimp, jug",natural,
200071,2017-07-16,outdoor,2,V2,Salt Point State Park,green,Lieback,overhang,jug,natural,
200072,2017-07-16,outdoor,2,V2,Salt Point State Park,green,Unnamed V2 to the right of The Slap,overhang,sloper,natural,
200073,2017-07-16,outdoor,5,V5,Salt Point State Park,blue,The Slap,overhang,crimp,natural,
200074,2017-07-16,outdoor,4,V4,Salt Point State Park,blue,Tufatafoni Traverse,cave,jug,natural,
200075,2017-07-23,outdoor,3,V3,Salt Point State Park,blue,Quarry Traverse,overhang,jug,natural,
200076,2017-07-23,outdoor,2,V2,Salt Point State Park,green,Mantle 101,overhang,jug,mantle,
200077,2017-07-23,outdoor,0,V0,Salt Point State Park,green,I’m a Mountain Goat,slab,crimp,natural,FA
200078,2017-08-14,outdoor,4,V4,Salt Point State Park,blue,Triceratops,cave,"crimp, jug",natural,
200079,2017-08-14,outdoor,6,V6,Salt Point State Park,orange,Music Box By the Sea,cave,crimp,natural,FA
200080,2017-09-03,outdoor,4,V4,Joshua Tree,blue,Sloper Safari,overhang,"jug, sloper",natural,
200081,2017-09-05,outdoor,2,V2,Joshua Tree,blue,Bulgemaster,overhang,sloper,natural,
200082,2017-09-05,outdoor,4,V4,Joshua Tree,blue,Little Chucky,face,"crimp, pinch",natural,
200083,2017-09-05,outdoor,2,V2,Joshua Tree,green,"Dino’s Egg, Sit Down Flake",overhang,jug,natural,
200084,2017-09-29,outdoor,1,V1,Berkeley Indian Rock,green,Watercourse,face,jug,natural,
200085,2017-10-01,outdoor,6,V6,Grizzly Peak,orange,Tractor Pull,face,crimp,natural,
200086,2017-10-14,outdoor,4,V4,"Lincoln Woods State Park, RI",blue,Tombstone,overhang,"crimp, jug",natural,
200087,2017-10-14,outdoor,5,V5,"Lincoln Woods State Park, RI",blue,Try Again,face,jug,dyno,Ed Sewall
200088,2017-10-16,outdoor,3,V3,"Lynn Woods, MA",blue,Bloody Sunset,face,crimp,natural,FA?
200089,2017-10-21,outdoor,4,V4,"Central Park, NY",green,Sub Atomic Nuclear Penguin,face,crimp,natural,
200090,2017-11-05,outdoor,6,V6,Red Rocks,orange,"Monkey Bars, Right",overhang,"crimp, jug",natural,Danny Rider
200091,2017-11-05,outdoor,5,V5,Red Rocks,orange,Umpa Lumpa,variable,"crimp, sloper",natural,
200092,2017-11-06,outdoor,3,V3,Red Rocks,blue,Brown Round Crack,face,crimp,natural,
200093,2017-11-06,outdoor,3,V3,Red Rocks,blue,Peruvian Left,slab,crimp,natural,Randal Grandstafff
200094,2017-12-02,outdoor,7,V7,Castle Rock,orange,Bate’s Eliminate,face,crimp,dyno,Barry Bates
200095,2017-12-10,outdoor,3,V3,Castle Rock,blue,The Swim,face,sloper,mantle,
200096,2017-12-18,outdoor,0,V0,Yosemite,green,Slab behind Columbia Boulder,slab,crimp,natural,
200097,2017-12-18,outdoor,0,V0,Yosemite,green,Columbia Boulder Artificial Slab 5.9,slab,crimp,natural,
200098,2017-12-18,outdoor,2,V2,Yosemite,blue,Unnamed Warm-up on the Tile Boulder,face,crimp,natural,
200099,2017-12-18,outdoor,4,V4,Yosemite,blue,Zorro,face,"crimp, jug",dyno,
200100,2017-12-19,outdoor,4,V4,Yosemite,blue,Tendon’s Give,overhang,"crimp, jug",dyno,
200101,2017-12-23,outdoor,1,V1,Bishop Buttermilks,blue,A Birthing Experience,overhang,crimp,comp,
200102,2017-12-23,outdoor,5,V5,Bishop Buttermilks,orange,Devoted Traverse,overhang,"crimp, jug",natural,
200103,2017-12-26,outdoor,2,V2,Bishop Buttermilks,green,Sheepherder,face,sloper,natural,
200104,2017-12-26,outdoor,3,V3,Bishop Buttermilks,blue,Birthday Direct,face,crimp,natural,
200105,2017-12-27,outdoor,1,V1,Bishop Happy Boulders,blue,Heavenly Path,slab,crimp,natural,
200106,2017-12-27,outdoor,2,V2,Bishop Happy Boulders,blue,Kling and Smirk,overhang,"crimp, sloper",natural,
200107,2017-12-27,outdoor,4,V4,Bishop Happy Boulders,blue,Ketron Classic,overhang,crimp,natural,Brian Ketron
200108,2017-12-27,outdoor,5,V5,Bishop Happy Boulders,blue,Serengeti,overhang,crimp,natural,Marty Lewis
200109,2017-12-27,outdoor,7,V7,Bishop Happy Boulders,orange,"Acid Wash Right, Stand Start",overhang,crimp,natural,Dustin Sabo
200110,2017-12-28,outdoor,0,V0,Bishop Sad Boulders,green,Brown Slab,slab,crimp,natural,
200111,2017-12-28,outdoor,2,V2,Bishop Sad Boulders,green,World Shut Your Mouth,face,crimp,natural,
200112,2017-12-28,outdoor,5,V5,Bishop Sad Boulders,blue,Molly Dyno,face,crimp,dyno,
200113,2017-12-28,outdoor,0,V0,Bishop Sad Boulders,green,Hands-Free Slab,slab,crimp,natural,
200114,2017-12-28,outdoor,0,V0,Bishop Sad Boulders,green,Hands-on Slab,slab,crimp,natural,
200115,2017-12-29,outdoor,2,V2,Bishop Buttermilks,green,The Prow,face,jug,natural,
200116,2017-12-29,outdoor,5,V5,Bishop Buttermilks,orange,Fly Boy Arete,arete,crimp,natural,
200117,2017-12-30,outdoor,4,V4,Bishop Happy Boulders,orange,Solarium,face,crimp,natural,Marty Lewis
200118,2017-12-30,outdoor,6,V6,Bishop Happy Boulders,orange,The Hulk,overhang,crimp,natural,Peter Croft
200119,2017-12-30,outdoor,5,V5,Bishop Happy Boulders,orange,Sucker Punch,face,crimp,natural,
200120,2017-12-31,outdoor,0,V0,Bishop Sad Boulders,green,Gotta Be Kidding Me Slab,slab,jug,natural,
200121,2017-12-31,outdoor,3,V3,Bishop Sad Boulders,blue,Hauck a Loogie,overhang,crimp,natural,
200122,2017-12-31,outdoor,0,V0,Bishop Sad Boulders,green,Flush VB,slab,jug,natural,
200123,2017-12-31,outdoor,6,V6,Bishop Happy Boulders,orange,The Gleaner,overhang,crimp,natural,Peter Croft
200124,2018-01-01,outdoor,0,V0,Bishop Buttermilks,green,Unnamed Sunshine Slab,slab,crimp,natural,
200125,2018-01-01,outdoor,1,V1,Bishop Buttermilks,green,Good Morning Sunshine,slab,crimp,natural,
200126,2018-01-01,outdoor,2,V2,Bishop Buttermilks,blue,Green Wall Essential,face,crimp,natural,
200127,2018-01-01,outdoor,4,V4,Bishop Buttermilks,blue,Iron Man Traverse,overhang,jug,natural,Tony Pupo
200128,2018-01-01,outdoor,0,V0,Bishop Buttermilks,blue,Robinson’s Rubber Tester,slab,sloper,natural,
200129,2018-01-02,outdoor,3,V3,Bishop Sad Boulders,blue,Maximum Relaxum,cave,jug,natural,
200130,2018-01-03,outdoor,1,V1,Bishop Buttermilks,blue,"Buttermilks Stem, Stand Start",corner,sloper,natural,
200131,2018-01-03,outdoor,4,V4,Bishop Buttermilks,blue,"Buttermilks Stem, Sit Start",overhang,"jug, sloper",natural,
200132,2018-03-12,outdoor,0,V0,Castle Rock,green,Run and Jump in the Nature Nazi Area,face,jug,comp,
200133,2018-03-12,outdoor,2,V2,Castle Rock,green,"Naked Nazi, Stand Start",arete,crimp,natural,
200134,2018-04-01,outdoor,1,V1,Bishop Happy Boulders,green,Totty Corridor Traverse,face,crimp,natural,
200135,2018-04-01,outdoor,0,V0,Bishop Happy Boulders,green,Strange Quotations,face,jug,natural,
200136,2018-04-01,outdoor,2,V2,Bishop Happy Boulders,blue,"Exit the Rat, Sit Start",face,crimp,natural,
200137,2018-04-01,outdoor,0,V0,Bishop Buttermilks,green,Yo Basecamp,slab,crimp,natural,
200138,2018-04-01,outdoor,1,V1,Bishop Buttermilks,blue,"Birthday Left, Sit Start",face,crimp,natural,
200139,2018-04-01,outdoor,0,V0,Bishop Buttermilks,green,Hero Roof,overhang,jug,natural,
200140,2018-04-02,outdoor,0,V0,Bishop Sad Boulders,green,"Big Brown Slab, East Center Face",face,crimp,natural,
200141,2018-04-16,outdoor,3,V3,Bishop Happy Boulders,green,Slap Happy,overhang,jug,natural,Chris Tracy
200142,2018-04-23,outdoor,2,V2,Castle Rock,green,Overhanging Lieback,overhang,jug,natural,
200143,2018-04-23,outdoor,2,V2,Castle Rock,green,"The Direct, Nature Nazi Boulders",overhang,crimp,natural,
200144,2018-04-23,outdoor,3,V3,Castle Rock,blue,Domino Arete,face,crimp,natural,
200145,2018-04-29,outdoor,5,V5,Grizzly Peak,orange,Scary Overhang,overhang,crimp,natural,
200146,2018-05-21,outdoor,4,V4,Berkeley Mortar Rock,blue,The Ramp,overhang,crimp,natural,Nat Smale?
200147,2018-05-28,outdoor,5,V5,Black Mountain,orange,Boulder Basin Dyno,face,crimp,dyno,
200148,2018-05-28,outdoor,4,V4,Black Mountain,blue,The Walrus,overhang,jug,natural,
200149,2018-05-29,outdoor,0,V0,Joshua Tree,green,Dragon Scales,slab,jug,natural,
200150,2018-06-23,outdoor,4,V4,"North Lake Tahoe, Rainbow",blue,"Rainbow Boulder B, Resolution",overhang,jug,natural,
200151,2018-06-23,outdoor,2,V2,"North Lake Tahoe, Rainbow",green,"Rainbow Boulder B, Unnamed Traverse",face,crimp,natural,
200152,2018-06-23,outdoor,4,V4,"North Lake Tahoe, Rainbow",blue,"Rainbow Boulder C, Wein’s Law",face,"crimp, jug",natural,
200153,2018-06-23,outdoor,7,V7,"North Lake Tahoe, Rainbow",orange,"Rainbow Boulder A, Continuum",arete,crimp,dyno,
200154,2018-07-02,outdoor,0,V0,Goat Rock Beach,blue,Goat Rock,slab,jug,natural,
200155,2018-07-02,outdoor,4,V4,Goat Rock Beach,blue,Lamb Boulder Traverse,overhang,"crimp, jug",natural,
200156,2018-07-04,outdoor,4,V4,"Lizard’s Mouth, Santa Barbara",orange,Meilee Traverse,cave,"crimp, jug",natural,
200157,2018-07-04,outdoor,2,V2,Stinson Beach,green,"Unnamed south face, sit-start",overhang,crimp,natural,
200158,2018-07-31,outdoor,0,V0,Stinson Beach,green,Stinson Beach Warm Up,slab,jug,natural,
200159,2018-07-31,outdoor,2,V2,Stinson Beach,green,Old Woman Crimp Traverse,face,crimp,natural,
200160,2018-07-31,outdoor,3,V3,Stinson Beach,green,Are You Experienced Standard Route,overhang,"crimp, pinch",natural,
200161,2018-08-03,outdoor,2,V2,Squamish,green,Big Bottoms,face,sloper,natural,
200162,2018-08-03,outdoor,3,V3,Squamish,green,Titanic,face,crimp,natural,Nick Gibbs
200163,2018-08-03,outdoor,4,V4,Squamish,blue,The Mantis,overhang,"sloper, crimp",natural,"Jack Fieldhouse, Scott Milton"
200164,2018-08-03,outdoor,4,V4,Squamish,blue,Easy in an Easy Chair,overhang,jug,natural,Nick Gibbs
200165,2018-08-03,outdoor,3,V3,Squamish,blue,Stupid Face,face,crimp,natural,Remy Larocque
200166,2018-08-04,outdoor,0,V0,Squamish,green,Summer Vacation,face,jug,natural,Gord Ross
200167,2018-08-04,outdoor,4,V4,Squamish,blue,Sloppy Poppy,variable,crimp,natural,Stu Worrall
200168,2018-08-04,outdoor,2,V2,Squamish,green,Squamish Days,overhang,pinch,natural,
200169,2018-08-04,outdoor,5,V5,Squamish,orange,The Viper,arete,pinch,natural,Peter Michaux
200170,2018-08-04,outdoor,3,V3,Squamish,blue,American Gigolo,arete,crimp,natural,Tim Doyle
200171,2018-08-05,outdoor,2,V2,Squamish,green,"The Silencer, Right Arete",arete,jug,natural,Jack Fieldhouse
200172,2018-08-05,outdoor,4,V4,Squamish,blue,Shots Fired,overhang,"crimp, jug",natural,Jack Fieldhouse
200173,2018-08-05,outdoor,2,V2,Squamish,green,Bang,face,crimp,dyno,Jack Fieldhouse
200174,2018-08-05,outdoor,3,V3,Squamish,blue,Center Slab,slab,crimp,natural,Nick Gibbs
200175,2018-08-06,outdoor,1,V1,Squamish,green,Detached Flake,face,"jug, pinch",natural,Tyrone Brett
200176,2018-08-06,outdoor,1,V1,Squamish,green,Nadia’s Slab,slab,crimp,natural,Nadia Hallsworth
200177,2018-08-06,outdoor,4,V4,Squamish,blue,"A Stroke of Luck, Right Exit",overhang,crimp,natural,Curtis Suave
200178,2018-08-06,outdoor,4,V4,Squamish,blue,Ape Span,face,crimp,dyno,Greg Tos
200179,2018-08-06,outdoor,5,V5,Squamish,orange,Space Monkey,overhang,"crimp, pinch",natural,Tyrone Brett
200180,2018-08-06,outdoor,3,V3,Squamish,blue,Rhino Face,overhang,jug,mantle,Curtis Suave
200181,2018-08-24,outdoor,2,V2,Mount Tamalpais,green,The Cheech and the Choss,face,crimp,natural,
200182,2018-08-24,outdoor,4,V4,Mount Tamalpais,blue,"Intuition, Stand Start",face,crimp,dyno,Chris Summit
200183,2018-08-24,outdoor,2,V2,Mount Tamalpais,green,Right Arete,face,"crimp, jug",natural,
200184,2018-08-24,outdoor,6,V6,Mount Tamalpais,blue,Girl Power,face,crimp,natural,
200185,2018-09-02,outdoor,5,V5,Red Rocks,orange,The Pearl,face,crimp,natural,Randal Grandstaff
200186,2018-09-02,outdoor,4,V4,Red Rocks,green,Jenna’s Jewelry,face,jug,dyno,
200187,2018-09-03,outdoor,1,V1,Mount Charleston,blue,"Thread Problem, Right Exit",face,crimp,natural,
200188,2018-09-11,outdoor,1,V1,"Bishop, Sky Rock Area",green,Face climb,face,crimp,natural,FA
200189,2018-09-23,outdoor,2,V2,Bishop Sad Boulders,green,Emma’s Problem,overhang,crimp,natural,
200190,2018-09-23,outdoor,4,V4,Bishop Sad Boulders,blue,The Fang,cave,crimp,natural,Zach Shields
200191,2018-09-24,outdoor,1,V1,"Bishop, Sky Rock Area",green,City of Daggers,face,crimp,natural,FA
200192,2018-10-22,outdoor,6,V6,"Mitake Boulders, Japan",orange,"Dead End, Right Exit",face,crimp,natural,
200193,2018-12-01,outdoor,0,V0,"Bishop, Sky Rock Area",green,Brittle Skidaddle,face,crimp,natural,FA
200194,2018-12-08,outdoor,6,V6,Bishop Sad Boulders,orange,French Press,slab,"crimp, sloper",natural,Tim Medina
200195,2018-12-10,outdoor,3,V3,Bishop Happy Boulders,blue,Black Magic,slab,crimp,natural,
200196,2019-01-10,outdoor,6,V6,Bishop Buttermilks,orange,Seven Spanish Angels,face,pinch,dyno,"Jason Jackson, Greg Haverstock"
200197,2019-01-27,outdoor,8,V8,Castle Rock,red,Static Reach,overhang,"crimp, pinch",natural,
200198,2019-02-17,outdoor,3,V3,Henderson Boulders,blue,Warm Up Arete,arete,crimp,natural,
200199,2019-02-18,outdoor,2,V2,Henderson Boulders,green,Unnamed Left Face on the Downstream Boulders,face,crimp,natural,
200200,2019-02-18,outdoor,5,V5,Henderson Boulders,orange,Warm Enough,cave,jug,natural,
200201,2019-02-18,outdoor,0,V0,Keyhole Canyon,green,Fleur de Lis,slab,jug,natural,
200202,2019-02-18,outdoor,1,V1,Keyhole Canyon,green,Left Chunky Face,face,crimp,natural,
200203,2019-02-18,outdoor,2,V2,Keyhole Canyon,green,Plastic Man,face,"crimp, jug",natural,
200204,2019-02-19,outdoor,3,V3,Bishop Happy Boulders,blue,Joseph,face,crimp,natural,
200205,2019-02-20,outdoor,7,V7,Red Rocks,orange,Angel Dyno,face,"crimp, jug",dyno,John Long
200206,2019-03-10,outdoor,5,V5,Bishop Happy Boulders,orange,Slap Happy Traverse,overhang,pinch,natural,Rebecca Blakeslee
200207,2019-03-10,outdoor,2,V2,Bishop Happy Boulders,green,Solarium Dyno,face,jug,dyno,
200208,2019-03-10,outdoor,3,V3,Bishop Happy Boulders,green,Carrot Top,face,crimp,natural,
200209,2019-03-16,outdoor,5,V5,Bishop Happy Boulders,orange,Groundwater,overhang,crimp,natural,
200210,2019-03-28,outdoor,4,V4,Red Rocks,blue,Jones’n,face,crimp,natural,
200211,2019-03-29,outdoor,1,V1,Red Rocks,green,Perfect Poser (The Cube),face,crimp,natural,
200212,2019-03-29,outdoor,3,V3,Red Rocks,green,Sorange,face,crimp,natural,
200213,2019-03-30,outdoor,4,V4,Red Rocks,blue,Jenna’s Jewelry,face,crimp,natural,
200214,2019-04-08,outdoor,3,V3,Berkeley Indian Rock,blue,Center Overhang,overhang,crimp,natural,
200215,2019-04-08,outdoor,3,V3,Berkeley Indian Rock,green,Flake Traverse,face,crimp,natural,
200216,2019-05-12,outdoor,3,V3,Salt Point State Park,orange,Johnny Cash,variable,sloper,dyno,
200217,2019-06-23,outdoor,3,V3,"South Lake Tahoe, California Alpine Club",green,Three Bangs,arete,crimp,natural,
200218,2019-06-23,outdoor,3,V3,"South Lake Tahoe, California Alpine Club",green,Wood Nymph Early Exit,slab,crimp,natural,
200219,2019-07-01,outdoor,3,V3,Mount Lassen,green,Got Surprised,face,crimp,natural,
200220,2019-07-01,outdoor,4,V4,Mount Lassen,blue,Widebeast,overhang,crimp,natural,
200221,2019-07-05,outdoor,5,V5,Black Mountain,orange,Gypsy’s Link Up,overhang,crimp,natural,
200222,2019-07-05,outdoor,3,V3,Black Mountain,green,Central Basin Arete,arete,crimp,natural,
200223,2019-07-05,outdoor,4,V4,Black Mountain,blue,Central Basin Traverse,face,crimp,natural,
200224,2019-07-05,outdoor,3,V3,Black Mountain,blue,Pink Crack,face,"crimp, pinch",natural,
200225,2019-07-06,outdoor,1,V1,Palm Springs Aerial Tramway,green,Line Dance,overhang,jug,natural,D. Roth
200226,2019-07-06,outdoor,4,V4,Palm Springs Aerial Tramway,blue,Humping the Walrus,variable,sloper,natural,Chad Gilbert
200227,2019-07-06,outdoor,3,V3,Palm Springs Aerial Tramway,green,Breakdance,face,jug,dyno,A. Dornan
200228,2019-07-06,outdoor,7,V7,Palm Springs Aerial Tramway,orange,Swing Dance,overhang,crimp,dyno,A. Dornan
200229,2019-07-07,outdoor,1,V1,Palm Springs Aerial Tramway,blue,Unnamed V1 (#374),face,"crimp, sloper",mantle,
200230,2019-07-07,outdoor,5,V5,Palm Springs Aerial Tramway,orange,Dancing Queen (aka. The Cube),arete,sloper,natural,Frank Cornelius
200231,2019-07-12,outdoor,6,V6,Stinson Beach,orange,Smiley Face,face,crimp,natural,
200232,2019-08-15,outdoor,7,V7,Squamish,orange,The Fuzz,face,"crimp, sloper, pinch",natural,Nick Gibbs
200233,2019-08-15,outdoor,4,V4,Squamish,blue,Titanic Dyno,face,jug,dyno,Nick Gibbs
200234,2019-08-16,outdoor,7,V7,Squamish,orange,Anubis,overhang,crimp,natural,Brad Tkachuk
200235,2019-08-17,outdoor,1,V1,Squamish,green,Cheese Grater,slab,jug,natural,Stu Worrall
200236,2019-08-17,outdoor,2,V2,Squamish,blue,Slingshot,face,crimp,natural,Jack Fieldhouse
200237,2019-08-17,outdoor,5,V5,Squamish,orange,Wafer Thin,face,crimp,natural,Nick Gibbs
200238,2019-08-17,outdoor,4,V4,Squamish,green,Golden Bowl Stand,face,crimp,dyno,Nick Gibbs
200239,2019-10-06,outdoor,4,V4,Tuolumne Meadows,blue,"The Arete, Right Exit",overhang,crimp,natural,
200240,2019-10-06,outdoor,4,V4,Tuolumne Meadows,blue,Solar Flare,variable,crimp,natural,
200241,2019-10-07,outdoor,2,V2,Tuolumne Meadows,green,Erik’s Picnic,face,crimp,natural,
200242,2019-10-07,outdoor,3,V3,Tuolumne Meadows,green,Wood Deliverer,face,crimp,natural,
200243,2019-10-07,outdoor,6,V6,Tuolumne Meadows,orange,G23 Arete,arete,crimp,natural,
200244,2019-10-08,outdoor,4,V4,Tuolumne Meadows,blue,The Roof,overhang,"crimp, pinch",natural,
200245,2019-10-21,outdoor,6,V6,Yosemite,orange,Munchkin Lunge,overhang,crimp,dyno,
200246,2019-10-21,outdoor,3,V3,Yosemite,blue,No Fur,face,"crimp, sloper",natural,
200247,2019-10-21,outdoor,6,V6,Yosemite,orange,Silent Spotter,overhang,crimp,natural,
200248,2019-10-21,outdoor,4,V4,Yosemite,blue,Unnamed Lip Traverse,overhang,sloper,dyno,
200249,2019-10-26,outdoor,5,V5,Yosemite,orange,Blue Suede Shoes,slab,crimp,natural,
200250,2019-11-03,outdoor,1,V1,Bishop Happy Boulders,blue,"Loaded, Eliminate",slab,crimp,natural,
200251,2019-11-03,outdoor,5,V5,Bishop Happy Boulders,orange,Molly,face,crimp,natural,Craig Smith
200252,2019-11-11,outdoor,3,V3,Castle Rock,blue,Let’s Get Hurt,face,"jug, sloper",mantle,Mike Hernandez
200253,2019-11-11,outdoor,4,V4,Castle Rock,blue,"Coz Daddy, Early Exit",overhang,"crimp, pinch",natural,Scott Cosgrove
200254,2019-11-11,outdoor,2,V2,Castle Rock,green,The Edge,face,crimp,dyno,
200255,2019-11-11,outdoor,4,V4,Castle Rock,green,Mr. Clean,overhang,sloper,dyno,
200256,2019-11-11,outdoor,4,V4,Castle Rock,blue,The Slope,face,"jug, sloper",mantle,
200257,2019-12-21,outdoor,4,V4,Bishop Happy Boulders,blue,Burning Rubber Necklace,cave,crimp,natural,Russ Walling
200258,2019-12-24,outdoor,6,V6,Joshua Tree,orange,"Chuckawalla, Sit Start",face,crimp,natural,Robert Miramontes
200259,2019-12-25,outdoor,5,V5,Joshua Tree,orange,Black Streak Dyno,face,crimp,dyno,Robert Miramontes
200260,2019-12-25,outdoor,4,V4,Joshua Tree,orange,Secret Samurai,overhang,sloper,natural,Kyle Owen
200261,2019-12-28,outdoor,2,V2,Red Rocks,green,The Black Bitch,slab,crimp,natural,Wendell Broussard
200262,2019-12-29,outdoor,5,V5,Red Rocks,orange,"Southeast Face of The Butt Crack Boulder, Sit Start",face,crimp,natural,
200263,2019-12-31,outdoor,10,V10,Red Rocks,red,Red Wave,overhang,crimp,dyno,Dimitrius Fritz
200264,2020-01-01,outdoor,4,V4,Red Rocks,orange,St. Louis,overhang,crimp,natural,
200265,2020-01-02,outdoor,7,V7,Red Rocks,orange,Monkey Wrench,overhang,crimp,natural,
200266,2020-01-02,outdoor,6,V6,Red Rocks,orange,Equinox,face,crimp,natural,
200267,2020-01-03,outdoor,1,V1,Red Rocks,green,Arete V1 on the Sorange Boulder,face,jug,natural,
200268,2020-01-03,outdoor,1,V1,Red Rocks,green,Heart and Sole Left V1/2,slab,crimp,natural,
200269,2020-01-03,outdoor,1,V1,Red Rocks,green,Arete left V1/2 on the Warm Up Boulder,face,jug,natural,
200270,2020-01-03,outdoor,5,V5,Red Rocks,orange,Welcome to Detroit,variable,"crimp, jug",mantle,
200271,2020-01-04,outdoor,7,V7,Red Rocks,orange,Right Face of the My Tan Boulder V6/7 (#292),face,crimp,natural,
200272,2020-01-04,outdoor,4,V4,Red Rocks,blue,Avian Flu,cave,jug,natural,
200273,2020-01-19,outdoor,2,V2,"Lizard’s Mouth, Santa Barbara",blue,Unnamed V2 Cave,cave,jug,natural,FA?
200274,2020-01-19,outdoor,0,V0,"Lizard’s Mouth, Santa Barbara",green,Yellow Belly,face,crimp,natural,
200275,2020-02-01,outdoor,7,V7,Great Stoneface Park,red,Great Stoneface,overhang,crimp,natural,
200276,2020-02-01,outdoor,6,V6,Great Stoneface Park,orange,Like Mike (Hoop Dreams Eliminate),overhang,jug,dyno,Eugene Ahn
200277,2020-02-09,outdoor,7,V7,Castle Rock,red,Dark Side of the Moon,face,"crimp, sloper",natural,
200278,2020-02-09,outdoor,7,V7,Castle Rock,orange,Asian Invasion,overhang,"crimp, sloper",natural,
200279,2020-05-09,outdoor,2,V2,Nut Tree Boulders,blue,Might have been Jim’s,overhang,crimp,natural,
200280,2020-05-09,outdoor,4,V4,Nut Tree Boulders,blue,Jimis Butt Crack,overhang,crimp,natural,
200281,2020-05-23,outdoor,3,V3,Auburn Quarry,blue,Unnamed V3,overhang,crimp,natural,
200282,2020-05-23,outdoor,4,V4,Auburn Quarry,blue,Unnamed V4 dyno,face,crimp,dyno,
200283,2020-05-25,outdoor,4,V4,"South Lake Tahoe, Loon Lake",blue,Unnamed V4,arete,crimp,natural,
200284,2020-05-25,outdoor,5,V5,"South Lake Tahoe, Loon Lake",orange,Unnamed V5,slab,crimp,natural,
200285,2020-05-31,outdoor,5,V5,Mickey’s Beach,blue,Unnamed V5,overhang,crimp,natural,FA?
200286,2020-05-31,outdoor,5,V5,Mickey’s Beach,orange,Grace Face,face,crimp,natural,
200287,2020-05-31,outdoor,4,V4,Mickey’s Beach,blue,Gold Wall,overhang,pinch,natural,
200288,2020-06-12,outdoor,4,V4,"North Lake Tahoe, Rainbow",blue,Raincheck,overhang,crimp,natural,
200289,2020-06-12,outdoor,3,V3,"North Lake Tahoe, Rainbow",green,Unnamed V3,face,crimp,natural,
200290,2020-06-12,outdoor,2,V2,"North Lake Tahoe, Rainbow",green,Unnamed V2,face,jug,natural,
200291,2020-06-12,outdoor,2,V2,"North Lake Tahoe, Rainbow",green,Unnamed V2,face,crimp,natural,
200292,2020-06-21,outdoor,7,V7,Mount Tamalpais,orange,The Little Adventure,overhang,crimp,natural,
200293,2020-06-27,outdoor,4,V4,"South Lake Tahoe, The Freaks",green,One Hitter,overhang,crimp,natural,
200294,2020-06-27,outdoor,3,V3,"South Lake Tahoe, The Freaks",blue,Fully Loaded,overhang,crimp,natural,
200295,2020-06-27,outdoor,7,V7,"South Lake Tahoe, The Freaks",red,Morning Wood,overhang,crimp,natural,
200296,2020-06-28,outdoor,3,V3,"South Lake Tahoe, Pie Shop",green,Unnamed V3 on Powersauce Boulder,face,crimp,natural,
200297,2020-07-03,outdoor,7,V7,"South Lake Tahoe, Pie Shop",orange,Powersauce,overhang,crimp,mantle,
200298,2020-07-03,outdoor,2,V2,"South Lake Tahoe, Pie Shop",green,Rubber Checker,slab,crimp,natural,
200299,2020-07-03,outdoor,5,V5,"South Lake Tahoe, Pie Shop",blue,Flying Birdie,face,jug,dyno,
200300,2020-07-04,outdoor,1,V1,"South Lake Tahoe, Erratica",blue,Left Unnamed V1 on Pumpkin Spice,slab,crimp,natural,
200301,2020-07-04,outdoor,1,V1,"South Lake Tahoe, Erratica",blue,Middle Unnamed V1 on Pumpkin Spice,slab,crimp,natural,
200302,2020-07-04,outdoor,2,V2,"South Lake Tahoe, Erratica",green,Unnamed V2 on Pumpkin Spice,slab,crimp,natural,
200303,2020-07-04,outdoor,4,V4,"South Lake Tahoe, Erratica",blue,Unnamed V4 on Pumpkin Spice,slab,crimp,natural,
200304,2020-07-04,outdoor,6,V6,"South Lake Tahoe, Erratica",orange,Vision Quest,overhang,"crimp, jug",natural,
200305,2020-07-05,outdoor,4,V4,"South Lake Tahoe, Christmas Valley",blue,Toadstool Sandwich,face,crimp,natural,
200306,2020-07-05,outdoor,5,V5,"South Lake Tahoe, Christmas Valley",blue,Arsenic Sauce,face,crimp,dyno,
200307,2020-07-05,outdoor,7,V7,"South Lake Tahoe, Christmas Valley",red,You’re a Mean One,face,"crimp, sloper",natural,
200308,2020-07-05,outdoor,4,V4,"South Lake Tahoe, Christmas Valley",orange,Tall Boy,face,crimp,natural,
200309,2020-07-06,outdoor,4,V4,"South Lake Tahoe, Rainbow",black,Masterwork,variable,crimp,natural,
200310,2020-07-08,outdoor,5,V5,Berkeley Mortar Rock,blue,The Boys’ Problem,face,crimp,natural,
200311,2020-07-11,outdoor,6,V6,"South Lake Tahoe, Erratica",blue,Boing Dexter,overhang,crimp,dyno,
200312,2020-07-11,outdoor,7,V7,"South Lake Tahoe, Erratica",orange,Boing Dexterity,overhang,crimp,natural,
200313,2020-07-11,outdoor,5,V5,"South Lake Tahoe, The Freaks",orange,Bong Water,cave,"crimp, jug",natural,
200314,2020-07-11,outdoor,7,V7,"South Lake Tahoe, The Freaks",orange,Subterranean,cave,"crimp, jug",natural,
200315,2020-07-16,outdoor,6,V6,Grizzly Peak,orange,Baby Reverse Traverse,overhang,"crimp, jug",natural,
200316,2020-07-18,outdoor,7,V7,Grizzly Peak,orange,Scott’s Arete,overhang,"crimp, jug, sloper",dyno,
200317,2020-07-23,outdoor,2,V2,"Ring Mountain, Turtle Rock",green,"The Crimper, Right Variation",face,crimp,natural,
200318,2020-07-23,outdoor,2,V2,"Ring Mountain, Turtle Rock",green,The Seam,face,crimp,natural,
200319,2020-07-23,outdoor,2,V2,"Ring Mountain, Turtle Rock",green,The Flake,face,"crimp, jug",natural,
200320,2020-07-23,outdoor,3,V3,"Ring Mountain, Turtle Rock",green,The Reach,face,crimp,natural,
200321,2020-07-23,outdoor,2,V2,"Ring Mountain, Turtle Rock",green,Undercling,face,"crimp, jug",natural,
200322,2020-07-23,outdoor,2,V2,"Ring Mountain, Turtle Rock",green,The Crimper,face,crimp,natural,
200323,2020-07-23,outdoor,0,V0,"Ring Mountain, Turtle Rock",green,Sloper Route,face,sloper,mantle,
200324,2020-07-23,outdoor,6,V6,"Ring Mountain, Turtle Rock",orange,Party Trick,face,"crimp, jug",comp,FA?
200325,2020-07-25,outdoor,4,V4,Salt Point State Park,blue,Sabertooth,overhang,jug,natural,
200326,2020-07-31,outdoor,4,V4,"South Lake Tahoe, Pie Shop",green,Liquid Metal,face,crimp,natural,
200327,2020-08-01,outdoor,6,V6,"South Lake Tahoe, Beavers",orange,Cujo,overhang,"crimp, sloper",natural,
200328,2020-08-01,outdoor,4,V4,"South Lake Tahoe, Beavers",orange,"Distilled Iron, Right Exit",face,"crimp, sloper",natural,
200329,2020-08-01,outdoor,6,V6,"South Lake Tahoe, DB Bliss",orange,Hole Punch,face,"crimp, jug",natural,
200330,2020-08-02,outdoor,4,V4,"South Lake Tahoe, Clearview Boulders",blue,"Lovely Little Pond, Left Exit",face,crimp,natural,
200331,2020-08-02,outdoor,3,V3,"South Lake Tahoe, Clearview Boulders",blue,Unnamed V3,arete,crimp,natural,
200332,2020-08-02,outdoor,4,V4,"South Lake Tahoe, Clearview Boulders",blue,Land Trout,overhang,crimp,natural,
200333,2020-08-15,outdoor,9,V9,"South Lake Tahoe, Pie Shop",red,American Gladiator,face,crimp,natural,
200334,2020-08-16,outdoor,4,V4,"North Lake Tahoe, Rainbow",orange,Milano Munchkin,variable,"crimp, sloper",natural,
200335,2020-09-05,outdoor,5,V5,"Priest Draw, Flagstaff",orange,The Whip and Cross,face,crimp,natural,
200336,2020-09-06,outdoor,4,V4,"Priest Draw, Flagstaff",blue,Flexi Flake,face,crimp,natural,
200337,2020-09-06,outdoor,4,V4,"Priest Draw, Flagstaff",blue,Mother of All Boulders (M.O.A.B),cave,jug,natural,
200338,2020-09-06,outdoor,1,V1,"Priest Draw, Flagstaff",green,"The Fin, Bat Roof",cave,jug,natural,
200339,2020-09-08,outdoor,2,V2,"Priest Draw, Flagstaff",green,Sister Beater,face,crimp,natural,
200340,2020-09-10,outdoor,4,V4,"Priest Draw, Flagstaff",blue,Unnamed V4 Dyno,face,jug,dyno,
200341,2020-09-12,outdoor,4,V4,"Priest Draw, Flagstaff",blue,The Yoker,overhang,"crimp, jug",natural,
200342,2020-09-12,outdoor,4,V4,"Priest Draw, Flagstaff",blue,Dope Smoker,overhang,"crimp, jug",natural,
200343,2020-09-12,outdoor,5,V5,"Priest Draw, Flagstaff",blue,Big Ed’s Flying Saucer,cave,jug,natural,
200344,2020-09-12,outdoor,3,V3,"Priest Draw, Flagstaff",green,Unnamed V3,cave,jug,natural,
200345,2020-09-13,outdoor,5,V5,"Priest Draw, Flagstaff",orange,The Hermit,cave,jug,natural,
200346,2020-09-13,outdoor,5,V5,"Priest Draw, Flagstaff",orange,"Black Hole, Stand Start",overhang,crimp,natural,
200347,2020-09-13,outdoor,6,V6,"Priest Draw, Flagstaff",orange,Disco Polly,overhang,crimp,natural,
200348,2020-09-22,outdoor,1,V1,"Big Bend, Moab",blue,Center Start,face,crimp,natural,
200349,2020-09-23,outdoor,3,V3,"Priest Draw, Flagstaff",blue,Bat Roof,cave,"crimp, jug",natural,
200350,2020-09-23,outdoor,6,V6,"Priest Draw, Flagstaff",red,Anorexic Sacrifice,cave,"crimp, jug, sloper",natural,
200351,2020-09-25,outdoor,5,V5,"Priest Draw, Flagstaff",green,F-Tard,face,crimp,natural,
200352,2020-09-25,outdoor,9,V9,"Priest Draw, Flagstaff",red,Pelo Del Perro,face,crimp,dyno,
200353,2020-09-25,outdoor,9,V9,"Priest Draw, Flagstaff",red,Carne Cabezo,face,crimp,dyno,
200354,2020-10-18,outdoor,7,V7,"South Lake Tahoe, The Freaks",orange,Dave Rasta’s Hair,overhang,crimp,natural,
200355,2020-10-19,outdoor,7,V7,"South Lake Tahoe, The Freaks",orange,"Girls on Film, Stand Start",face,crimp,dyno,
200356,2020-10-25,outdoor,5,V5,"Joe’s Valley, Left Fork",blue,Kill by Numbers,overhang,crimp,natural,
200357,2020-10-25,outdoor,7,V7,"Joe’s Valley, Left Fork",red,Big Joe,overhang,crimp,natural,
200358,2020-10-26,outdoor,5,V5,Moe’s Valley,blue,The Goose,overhang,jug,natural,
200359,2020-10-26,outdoor,6,V6,Moe’s Valley,orange,Pink Lady,overhang,jug,natural,
200360,2020-10-26,outdoor,5,V5,Moe’s Valley,orange,Backhoe Traverse,variable,crimp,natural,
200361,2020-10-27,outdoor,4,V4,"Joe’s Valley, Left Fork",green,K-Town,slab,crimp,natural,
200362,2020-10-27,outdoor,4,V4,"Joe’s Valley, Left Fork",green,Unnamed V4,slab,crimp,natural,
200363,2020-10-27,outdoor,4,V4,"Joe’s Valley, Left Fork",blue,Shit,slab,crimp,natural,
200364,2020-10-28,outdoor,5,V5,"Joe’s Valley, New Joe’s",blue,Stumble Bum Traverse,overhang,jug,natural,
200365,2020-10-28,outdoor,6,V6,"Joe’s Valley, New Joe’s",blue,Fart Fig,face,crimp,natural,
200366,2020-10-28,outdoor,3,V3,"Joe’s Valley, New Joe’s",blue,Joe Cool,face,crimp,natural,
200367,2020-10-28,outdoor,7,V7,"Joe’s Valley, New Joe’s",red,Big Boy,overhang,crimp,natural,
200368,2020-10-28,outdoor,7,V7,"Joe’s Valley, New Joe’s",orange,Pocket Rocket,face,jug,dyno,
200369,2020-10-29,outdoor,6,V6,"Joe’s Valley, Left Fork",orange,Wills of Fire,overhang,"crimp, sloper",natural,
200370,2020-10-29,outdoor,4,V4,"Joe’s Valley, Right Fork",blue,Caveman,overhang,jug,natural,
200371,2020-10-29,outdoor,4,V4,"Joe’s Valley, Right Fork",blue,Sling Blade,face,crimp,dyno,
200372,2020-10-30,outdoor,2,V2,"Joe’s Valley, Left Fork",blue,The Angler,face,sloper,natural,
200373,2020-10-30,outdoor,6,V6,"Joe’s Valley, Dairy Canyon",orange,Vertical Ice,face,crimp,natural,
200374,2020-10-30,outdoor,3,V3,"Joe’s Valley, Dairy Canyon",blue,Vertical Limit,face,jug,mantle,
200375,2020-11-11,outdoor,1,V1,Grizzly Peak,green,Tractor Pull Traverse,face,crimp,natural,
200376,2020-11-11,outdoor,7,V7,Grizzly Peak,orange,Scott’s Roof,overhang,"crimp, sloper",dyno,
200377,2020-12-21,outdoor,8,V8,Moe’s Valley,red,Spitting Venom,overhang,crimp,natural,
200378,2020-12-22,outdoor,5,V5,Moe’s Valley,orange,Thundercats are Go,cave,jug,natural,
200379,2020-12-23,outdoor,5,V5,Moe’s Valley,orange,Huntsman Graffiti,face,crimp,natural,
200380,2020-12-23,outdoor,6,V6,Moe’s Valley,orange,A Word From Our Sponsor,face,crimp,natural,
200381,2020-12-23,outdoor,3,V3,Moe’s Valley,blue,Hermione,face,crimp,natural,
200382,2020-12-23,outdoor,5,V5,Moe’s Valley,orange,Solid Toad,face,crimp,natural,
200383,2020-12-27,outdoor,7,V7,Moe’s Valley,red,Gravity Breach,overhang,crimp,natural,
200384,2021-01-20,outdoor,4,V4,Castle Rock,blue,Tree Route,face,crimp,natural,
