date_,color,description,hold_type,wall_type,style,grade,setter,set_year,location,location_type
2016-12-11,green,Discount Dyno,"crimp, sloper",face,natural,V0,,,Joshua Tree,outdoors
2016-12-11,green,Unnamed on Discount Dyno boulder,"crimp, sloper",arete,natural,V0,,,Joshua Tree,outdoors
2016-12-11,blue,Turnbuckle,crimp,face,natural,V3,,,Joshua Tree,outdoors
2016-12-11,green,Unnamed slab 5.8 (#50),crimp,slab,natural,V0,,,Joshua Tree,outdoors
2016-12-14,blue,Barker Dam Lip Traverse FA,jug,overhang,natural,V2,FA,2016,Joshua Tree,outdoors
2016-12-14,green,Unnamed V0+ in The Chube cluster (#59),crimp,face,natural,V0,,,Joshua Tree,outdoors
2016-12-26,green,Unnamed V0 on Groundation boulder,jug,overhang,natural,V0,,,Castle Rock,outdoors
2017-01-14,blue,Fin,crimp,arete,natural,V3,,,Red Rocks,outdoors
2017-01-14,green,Put Your Shoes On Arete,crimp,arete,natural,V2,,,Red Rocks,outdoors
2017-01-14,green,Fluffer,jug,face,natural,V2,,,Red Rocks,outdoors
2017-01-14,blue,Potato Chips,crimp,overhang,natural,V2,"Scott Gordon, Jon Martinet, Randal Grandstaff",1970,Red Rocks,outdoors
2017-01-14,green,Perked Up,crimp,arete,natural,V2,,,Red Rocks,outdoors
2017-01-15,green,Unnamed Left Face on the Downstream Boulders (#73),crimp,face,natural,V3,,,Henderson Boulders,outdoors
2017-01-15,green,Unnamed Right Face on the Downstream Boulders (#74),crimp,face,natural,V2,,,Henderson Boulders,outdoors
2017-01-15,blue,Ultra Classic,"jug, crimp",overhang,natural,V2,,,Henderson Boulders,outdoors
2017-02-13,blue,Domino Theory,crimp,face,natural,V2,,,Castle Rock,outdoors
2017-02-13,green,Mrs. Magoo Groove,sloper,slab,natural,V1,,,Castle Rock,outdoors
2017-02-13,green,Mr. Magoo Face Sit Start,crimp,face,natural,V2,,,Castle Rock,outdoors
2017-02-13,green,Dog Dish Warm-Up,crimp,face,natural,V1,,,Castle Rock,outdoors
2017-02-13,blue,Magoo Slab,sloper,face,natural,V3,,,Castle Rock,outdoors
2017-02-13,green,"Mr. Magoo Unnamed, to the right of overhanging lieback",jug,face,natural,V1,,,Castle Rock,outdoors
2017-02-13,green,Mr. Magoo (with knee bar),jug,overhang,natural,V1,,,Castle Rock,outdoors
2017-02-25,blue,Beak Traverse,"jug, pinch",face,dyno,V4,Barry Bates,,Castle Rock,outdoors
2017-02-25,green,Unnamed V0 in Backside Boulders,jug,face,natural,V0,,,Castle Rock,outdoors
2017-02-26,green,Number 3 Crack,crimp,arete,natural,V2,,,Berkeley Indian Rock,outdoors
2017-02-26,green,Little Prow,jug,arete,natural,V2,,,Berkeley Indian Rock,outdoors
2017-02-26,green,Ape Traverse early exit,jug,overhang,natural,V3,,,Berkeley Indian Rock,outdoors
2017-02-26,green,Pegboard,jug,face,natural,V1,,,Berkeley Indian Rock,outdoors
2017-02-26,green,Indian Face Warm-up,jug,face,natural,V0,,,Castle Rock,outdoors
2017-02-26,green,Roid Rage,jug,face,natural,V0,,,Castle Rock,outdoors
2017-02-26,green,Raw Honey,"jug, sloper",overhang,natural,V2,,,Castle Rock,outdoors
2017-02-26,green,Sticky Rice,jug,overhang,natural,V3,,,Castle Rock,outdoors
2017-03-11,blue,Bate’s Problem,"sloper, crimp",face,dyno,V5,Barry Bates,,Castle Rock,outdoors
2017-03-19,blue,Lost Keys Face,sloper,face,mantle,V3,,,Castle Rock,outdoors
2017-04-02,orange,Lost Keys Traverse,"jug, sloper, crimp",overhang,natural,V6,Jeremy Meigs,,Castle Rock,outdoors
2017-04-02,blue,Santa Cruz Dude,crimp,face,natural,V4,Chris Sharma,,Castle Rock,outdoors
2017-04-02,green,Sticky Rice Link Up,jug,overhang,natural,V3,,,Castle Rock,outdoors
2017-04-02,green,The Shark Variation,jug,cave,natural,V1,,,Castle Rock,outdoors
2017-04-29,green,Funky Arete in the Nature Nazi area,crimp,arete,natural,V1,,,Castle Rock,outdoors
2017-04-29,green,Unnamed V0 slab left,crimp,slab,natural,V0,,,Castle Rock,outdoors
2017-04-29,green,Unnamed V0 slab right,crimp,slab,natural,V0,,,Castle Rock,outdoors
2017-04-29,blue,Minimalism,crimp,slab,natural,V2,,,Castle Rock,outdoors
2017-04-29,blue,Santa Cruz Dude,crimp,face,dyno,V4,Chris Sharma,,Castle Rock,outdoors
2017-05-08,green,Mr. Magoo Dyno,sloper,face,dyno,V1,,,Castle Rock,outdoors
2017-05-14,green,The Off-Width,jug,crack,natural,V0,,,Columbia College,outdoors
2017-05-14,blue,The Gold Wall,sloper,overhang,natural,V3,,,Columbia College,outdoors
2017-05-14,blue,Falkenstein Crack,"jug, crimp",overhang,natural,V3,,,Columbia College,outdoors
2017-05-21,green,The Best Damn,crimp,slab,natural,V1,,,Mount Tamalpais,outdoors
2017-05-21,green,Contact High,crimp,slab,natural,V1,,,Mount Tamalpais,outdoors
2017-05-21,blue,The Old Man Card,sloper,face,mantle,V2,,,Mount Tamalpais,outdoors
2017-05-31,blue,Auto-Gedden (Jesus Chrysler Traverse),"jug, crimp",overhang,natural,V2,,,Bishop Happy Boulders,outdoors
2017-05-31,green,Monkey Hang,jug,cave,natural,V3,,,Bishop Happy Boulders,outdoors
2017-05-31,blue,Impulse Control,"crimp, sloper",overhang,natural,V4,Chris Tracy,2003,Bishop Happy Boulders,outdoors
2017-06-04,green,Diagonal Ramp on the Orange Buddha Boulder,crimp,face,natural,V1,,,Mickey’s Beach,outdoors
2017-06-04,green,Baseball on the Orange Buddha Boulder (used to be V4),crimp,face,natural,V2,,,Mickey’s Beach,outdoors
2017-06-04,green,"Don’t worry, be slappy (used to be V6)",crimp,face,natural,V1,,,Mickey’s Beach,outdoors
2017-06-04,blue,Unnamed slab,crimp,slab,natural,V2,,,Stinson Beach,outdoors
2017-06-04,green,Warm Up Arete,crimp,arete,natural,V1,,,Stinson Beach,outdoors
2017-06-04,green,Unnamed south face,crimp,overhang,natural,V1,,,Stinson Beach,outdoors
2017-06-11,green,Mr. Magoo Run and Jump,jug,face,comp,V1,,,Castle Rock,outdoors
2017-06-11,blue,Domino Theory (dyno beta),"jug, crimp",face,dyno,V2,,,Castle Rock,outdoors
2017-07-07,blue,Gypsy’s Day Out,crimp,overhang,natural,V3,,,Black Mountain,outdoors
2017-07-07,green,Little Saigon Left Arete,crimp,overhang,natural,V1,,,Black Mountain,outdoors
2017-07-07,green,Unnamed 5.9 slab,crimp,slab,natural,V0,,,Black Mountain,outdoors
2017-07-07,blue,Front Wheel Drive,crimp,slab,natural,V2,,,Black Mountain,outdoors
2017-07-07,green,Pork Rinds 5.8 (#9),"jug, pinch",face,natural,V0,,,Joshua Tree,outdoors
2017-07-08,green,Pothole Mantle #2,sloper,face,mantle,V0,,,Joshua Tree,outdoors
2017-07-08,green,Pothole Problem #2,sloper,face,mantle,V0,,,Joshua Tree,outdoors
2017-07-08,green,Pothole Mantle #1,sloper,face,mantle,V0,,,Joshua Tree,outdoors
2017-07-09,green,Main Boulder East Face,"jug, crimp",overhang,natural,V2,,,Grizzly Peak,outdoors
2017-07-16,green,Lieback,jug,overhang,natural,V2,,,Salt Point State Park,outdoors
2017-07-16,green,Unnamed V2 to the right of The Slap,sloper,overhang,natural,V2,,,Salt Point State Park,outdoors
2017-07-16,blue,The Slap,crimp,overhang,natural,V5,,,Salt Point State Park,outdoors
2017-07-16,blue,Tufatafoni Traverse,jug,cave,natural,V4,,,Salt Point State Park,outdoors
2017-07-23,blue,Quarry Traverse,jug,overhang,natural,V3,,,Salt Point State Park,outdoors
2017-07-23,green,Mantle 101,jug,overhang,mantle,V2,,,Salt Point State Park,outdoors
2017-07-23,green,I’m a Mountain Goat,crimp,slab,natural,V0,FA,2017,Salt Point State Park,outdoors
2017-08-14,blue,Triceratops,"jug, crimp",cave,natural,V4,,,Salt Point State Park,outdoors
2017-08-14,orange,Music Box By the Sea,crimp,cave,natural,V6,FA,2017,Salt Point State Park,outdoors
2017-09-03,blue,Sloper Safari,"jug, sloper",overhang,natural,V4,,,Joshua Tree,outdoors
2017-09-05,blue,Bulgemaster,sloper,overhang,natural,V2,,,Joshua Tree,outdoors
2017-09-05,blue,Little Chucky,"crimp, pinch",face,natural,V4,,,Joshua Tree,outdoors
2017-09-05,green,"Dino’s Egg, Sit Down Flake",jug,overhang,natural,V2,,,Joshua Tree,outdoors
2017-09-29,green,Watercourse,jug,face,natural,V1,,,Berkeley Indian Rock,outdoors
2017-10-01,orange,Tractor Pull,crimp,face,natural,V6,,,Grizzly Peak,outdoors
2017-10-14,blue,Tombstone,"jug, crimp",overhang,natural,V4,,,"Lincoln Woods State Park, RI",outdoors
2017-10-14,blue,Try Again,jug,face,dyno,V5,Ed Sewall,,"Lincoln Woods State Park, RI",outdoors
2017-10-16,blue,Bloody Sunset,crimp,face,natural,V3,FA?,2017,"Lynn Woods, MA",outdoors
2017-10-21,green,Sub Atomic Nuclear Penguin,crimp,face,natural,V4,,,"Central Park, NY",outdoors
2017-11-05,orange,"Monkey Bars, Right","jug, crimp",overhang,natural,V6,Danny Rider,1989,Red Rocks,outdoors
2017-11-05,orange,Umpa Lumpa,"crimp, sloper",variable,natural,V5,,,Red Rocks,outdoors
2017-11-06,blue,Brown Round Crack,crimp,face,natural,V3,,,Red Rocks,outdoors
2017-11-06,blue,Peruvian Left,crimp,slab,natural,V3,Randal Grandstafff,1970,Red Rocks,outdoors
2017-12-02,orange,Bate’s Eliminate,crimp,face,dyno,V7,Barry Bates,,Castle Rock,outdoors
2017-12-10,blue,The Swim,sloper,face,mantle,V3,,,Castle Rock,outdoors
2017-12-18,green,Slab behind Columbia Boulder,crimp,slab,natural,V0,,,Yosemite,outdoors
2017-12-18,green,Columbia Boulder Artificial Slab 5.9,crimp,slab,natural,V0,,,Yosemite,outdoors
2017-12-18,blue,Unnamed Warm-up on the Tile Boulder,crimp,face,natural,V2,,,Yosemite,outdoors
2017-12-18,blue,Zorro,"jug, crimp",face,dyno,V4,,,Yosemite,outdoors
2017-12-19,blue,Tendon’s Give,"jug, crimp",overhang,dyno,V4,,,Yosemite,outdoors
2017-12-23,blue,A Birthing Experience,crimp,overhang,comp,V1,,,Bishop Buttermilks,outdoors
2017-12-23,orange,Devoted Traverse,"jug, crimp",overhang,natural,V5,,,Bishop Buttermilks,outdoors
2017-12-26,green,Sheepherder,sloper,face,natural,V2,,,Bishop Buttermilks,outdoors
2017-12-26,blue,Birthday Direct,crimp,face,natural,V3,,,Bishop Buttermilks,outdoors
2017-12-27,blue,Heavenly Path,crimp,slab,natural,V1,,,Bishop Happy Boulders,outdoors
2017-12-27,blue,Kling and Smirk,"crimp, sloper",overhang,natural,V2,,,Bishop Happy Boulders,outdoors
2017-12-27,blue,Ketron Classic,crimp,overhang,natural,V4,Brian Ketron,,Bishop Happy Boulders,outdoors
2017-12-27,blue,Serengeti,crimp,overhang,natural,V5,Marty Lewis,,Bishop Happy Boulders,outdoors
2017-12-27,orange,"Acid Wash Right, Stand Start",crimp,overhang,natural,V7,Dustin Sabo,,Bishop Happy Boulders,outdoors
2017-12-28,green,Brown Slab,crimp,slab,natural,V0,,,Bishop Sad Boulders,outdoors
2017-12-28,green,World Shut Your Mouth,crimp,face,natural,V2,,,Bishop Sad Boulders,outdoors
2017-12-28,blue,Molly Dyno,crimp,face,dyno,V5,,,Bishop Sad Boulders,outdoors
2017-12-28,green,Hands-Free Slab,crimp,slab,natural,V0,,,Bishop Sad Boulders,outdoors
2017-12-28,green,Hands-on Slab,crimp,slab,natural,V0,,,Bishop Sad Boulders,outdoors
2017-12-29,green,The Prow,jug,face,natural,V2,,,Bishop Buttermilks,outdoors
2017-12-29,orange,Fly Boy Arete,crimp,arete,natural,V5,,,Bishop Buttermilks,outdoors
2017-12-30,orange,Solarium,crimp,face,natural,V4,Marty Lewis,,Bishop Happy Boulders,outdoors
2017-12-30,orange,The Hulk,crimp,overhang,natural,V6,Peter Croft,,Bishop Happy Boulders,outdoors
2017-12-30,orange,Sucker Punch,crimp,face,natural,V5,,,Bishop Happy Boulders,outdoors
2017-12-31,green,Gotta Be Kidding Me Slab,jug,slab,natural,V0,,,Bishop Sad Boulders,outdoors
2017-12-31,blue,Hauck a Loogie,crimp,overhang,natural,V3,,,Bishop Sad Boulders,outdoors
2017-12-31,green,Flush VB,jug,slab,natural,V0,,,Bishop Sad Boulders,outdoors
2017-12-31,orange,The Gleaner,crimp,overhang,natural,V6,Peter Croft,,Bishop Happy Boulders,outdoors
2018-01-01,green,Unnamed Sunshine Slab,crimp,slab,natural,V0,,,Bishop Buttermilks,outdoors
2018-01-01,green,Good Morning Sunshine,crimp,slab,natural,V1,,,Bishop Buttermilks,outdoors
2018-01-01,blue,Green Wall Essential,crimp,face,natural,V2,,,Bishop Buttermilks,outdoors
2018-01-01,blue,Iron Man Traverse,jug,overhang,natural,V4,Tony Pupo,,Bishop Buttermilks,outdoors
2018-01-01,blue,Robinson’s Rubber Tester,sloper,slab,natural,V0,,,Bishop Buttermilks,outdoors
2018-01-02,blue,Maximum Relaxum,jug,cave,natural,V3,,,Bishop Sad Boulders,outdoors
2018-01-03,blue,"Buttermilks Stem, Stand Start",sloper,corner,natural,V1,,,Bishop Buttermilks,outdoors
2018-01-03,blue,"Buttermilks Stem, Sit Start","jug, sloper",overhang,natural,V4,,,Bishop Buttermilks,outdoors
2018-03-12,green,Run and Jump in the Nature Nazi Area,jug,face,comp,V0,,,Castle Rock,outdoors
2018-03-12,green,"Naked Nazi, Stand Start",crimp,arete,natural,V2,,,Castle Rock,outdoors
2018-04-01,green,Totty Corridor Traverse,crimp,face,natural,V1,,,Bishop Happy Boulders,outdoors
2018-04-01,green,Strange Quotations,jug,face,natural,V0,,,Bishop Happy Boulders,outdoors
2018-04-01,blue,"Exit the Rat, Sit Start",crimp,face,natural,V2,,,Bishop Happy Boulders,outdoors
2018-04-01,green,Yo Basecamp,crimp,slab,natural,V0,,,Bishop Buttermilks,outdoors
2018-04-01,blue,"Birthday Left, Sit Start",crimp,face,natural,V1,,,Bishop Buttermilks,outdoors
2018-04-01,green,Hero Roof,jug,overhang,natural,V0,,,Bishop Buttermilks,outdoors
2018-04-02,green,"Big Brown Slab, East Center Face",crimp,face,natural,V0,,,Bishop Sad Boulders,outdoors
2018-04-16,green,Slap Happy,jug,overhang,natural,V3,Chris Tracy,2003,Bishop Happy Boulders,outdoors
2018-04-23,green,Overhanging Lieback,jug,overhang,natural,V2,,,Castle Rock,outdoors
2018-04-23,green,"The Direct, Nature Nazi Boulders",crimp,overhang,natural,V2,,,Castle Rock,outdoors
2018-04-23,blue,Domino Arete,crimp,face,natural,V3,,,Castle Rock,outdoors
2018-04-29,orange,Scary Overhang,crimp,overhang,natural,V5,,,Grizzly Peak,outdoors
2018-05-21,blue,The Ramp,crimp,overhang,natural,V4,Nat Smale?,,Berkeley Mortar Rock,outdoors
2018-05-28,orange,Boulder Basin Dyno,crimp,face,dyno,V5,,,Black Mountain,outdoors
2018-05-28,blue,The Walrus,jug,overhang,natural,V4,,,Black Mountain,outdoors
2018-05-29,green,Dragon Scales,jug,slab,natural,V0,,,Joshua Tree,outdoors
2018-06-23,blue,"Rainbow Boulder B, Resolution",jug,overhang,natural,V4,,,North Lake Tahoe,outdoors
2018-06-23,green,"Rainbow Boulder B, Unnamed Traverse",crimp,face,natural,V2,,,North Lake Tahoe,outdoors
2018-06-23,blue,"Rainbow Boulder C, Wein’s Law","jug, crimp",face,natural,V4,,,North Lake Tahoe,outdoors
2018-06-23,orange,"Rainbow Boulder A, Continuum",crimp,arete,dyno,V7,,,North Lake Tahoe,outdoors
2018-07-02,blue,Goat Rock,jug,slab,natural,V0,,,Goat Rock Beach,outdoors
2018-07-02,blue,Lamb Boulder Traverse,"jug, crimp",overhang,natural,V4,,,Goat Rock Beach,outdoors
2018-07-04,orange,Meilee Traverse,"jug, crimp",cave,natural,V4,,,"Lizard’s Mouth, Santa Barbara",outdoors
2018-07-04,green,"Unnamed south face, sit-start",crimp,overhang,natural,V2,,,Stinson Beach,outdoors
2018-07-31,green,Stinson Beach Warm Up,jug,slab,natural,V0,,,Stinson Beach,outdoors
2018-07-31,green,Old Woman Crimp Traverse,crimp,face,natural,V2,,,Stinson Beach,outdoors
2018-07-31,green,Are You Experienced Standard Route,"crimp, pinch",overhang,natural,V3,,,Stinson Beach,outdoors
2018-08-03,green,Big Bottoms,sloper,face,natural,V2,,,Squamish,outdoors
2018-08-03,green,Titanic,crimp,face,natural,V3,Nick Gibbs,1997,Squamish,outdoors
2018-08-03,blue,The Mantis,"sloper, crimp",overhang,natural,V4,"Jack Fieldhouse, Scott Milton",2006,Squamish,outdoors
2018-08-03,blue,Easy in an Easy Chair,jug,overhang,natural,V4,Nick Gibbs,1996,Squamish,outdoors
2018-08-03,blue,Stupid Face,crimp,face,natural,V3,Remy Larocque,2008,Squamish,outdoors
2018-08-04,green,Summer Vacation,jug,face,natural,V0,Gord Ross,1992,Squamish,outdoors
2018-08-04,blue,Sloppy Poppy,crimp,variable,natural,V4,Stu Worrall,1996,Squamish,outdoors
2018-08-04,green,Squamish Days,pinch,overhang,natural,V2,,,Squamish,outdoors
2018-08-04,orange,The Viper,pinch,arete,natural,V5,Peter Michaux,1996,Squamish,outdoors
2018-08-04,blue,American Gigolo,crimp,arete,natural,V3,Tim Doyle,1996,Squamish,outdoors
2018-08-05,green,"The Silencer, Right Arete",jug,arete,natural,V2,Jack Fieldhouse,2000,Squamish,outdoors
2018-08-05,blue,Shots Fired,"jug, crimp",overhang,natural,V4,Jack Fieldhouse,2000,Squamish,outdoors
2018-08-05,green,Bang,crimp,face,dyno,V2,Jack Fieldhouse,2000,Squamish,outdoors
2018-08-05,blue,Center Slab,crimp,slab,natural,V3,Nick Gibbs,1996,Squamish,outdoors
2018-08-06,green,Detached Flake,"jug, pinch",face,natural,V1,Tyrone Brett,2000,Squamish,outdoors
2018-08-06,green,Nadia’s Slab,crimp,slab,natural,V1,Nadia Hallsworth,2006,Squamish,outdoors
2018-08-06,blue,"A Stroke of Luck, Right Exit",crimp,overhang,natural,V4,Curtis Suave,2002,Squamish,outdoors
2018-08-06,blue,Ape Span,crimp,face,dyno,V4,Greg Tos,2002,Squamish,outdoors
2018-08-06,orange,Space Monkey,"crimp, pinch",overhang,natural,V5,Tyrone Brett,2000,Squamish,outdoors
2018-08-06,blue,Rhino Face,jug,overhang,mantle,V3,Curtis Suave,2010,Squamish,outdoors
2018-08-24,green,The Cheech and the Choss,crimp,face,natural,V2,,,Mount Tamalpais,outdoors
2018-08-24,blue,"Intuition, Stand Start",crimp,face,dyno,V4,Chris Summit,,Mount Tamalpais,outdoors
2018-08-24,green,Right Arete,"jug, crimp",face,natural,V2,,,Mount Tamalpais,outdoors
2018-08-24,blue,Girl Power,crimp,face,natural,V6,,,Mount Tamalpais,outdoors
2018-09-02,orange,The Pearl,crimp,face,natural,V5,Randal Grandstaff,1978,Red Rocks,outdoors
2018-09-02,green,Jenna’s Jewelry,jug,face,dyno,V4,,,Red Rocks,outdoors
2018-09-03,blue,"Thread Problem, Right Exit",crimp,face,natural,V1,,,Mount Charleston,outdoors
2018-09-11,green,Face climb,crimp,face,natural,V1,FA,2018,"Bishop, Sky Rock Area",outdoors
2018-09-23,green,Emma’s Problem,crimp,overhang,natural,V2,,,Bishop Sad Boulders,outdoors
2018-09-23,blue,The Fang,crimp,cave,natural,V4,Zach Shields,,Bishop Sad Boulders,outdoors
2018-09-24,green,City of Daggers,crimp,face,natural,V1,FA,2018,"Bishop, Sky Rock Area",outdoors
2018-10-22,orange,"Dead End, Right Exit",crimp,face,natural,V6,,,"Mitake Boulders, Japan",outdoors
2018-12-01,green,Brittle Skidaddle,crimp,face,natural,V0,FA,,"Bishop, Sky Rock Area",outdoors
2018-12-08,orange,French Press,"crimp, sloper",slab,natural,V6,Tim Medina,,Bishop Sad Boulders,outdoors
2018-12-10,blue,Black Magic,crimp,slab,natural,V3,,,Bishop Happy Boulders,outdoors
2019-01-10,orange,Seven Spanish Angels,pinch,face,dyno,V6,"Jason Jackson, Greg Haverstock",1999,Bishop Buttermilks,outdoors
2019-01-27,red,Static Reach,"crimp, pinch",overhang,natural,V8,,,Castle Rock,outdoors
2019-02-17,blue,Warm Up Arete,crimp,arete,natural,V3,,,Henderson Boulders,outdoors
2019-02-18,green,Unnamed Left Face on the Downstream Boulders,crimp,face,natural,V2,,,Henderson Boulders,outdoors
2019-02-18,orange,Warm Enough,jug,cave,natural,V5,,,Henderson Boulders,outdoors
2019-02-18,green,Fleur de Lis,jug,slab,natural,V0,,,Keyhole Canyon,outdoors
2019-02-18,green,Left Chunky Face,crimp,face,natural,V1,,,Keyhole Canyon,outdoors
2019-02-18,green,Plastic Man,"jug, crimp",face,natural,V2,,,Keyhole Canyon,outdoors
2019-02-19,blue,Joseph,crimp,face,natural,V3,,,Bishop Happy Boulders,outdoors
2019-02-20,orange,Angel Dyno,"jug, crimp",face,dyno,V7,John Long,1980,Red Rocks,outdoors
2019-03-10,orange,Slap Happy Traverse,pinch,overhang,natural,V5,Rebecca Blakeslee,,Bishop Happy Boulders,outdoors
2019-03-10,green,Solarium Dyno,jug,face,dyno,V2,,,Bishop Happy Boulders,outdoors
2019-03-10,green,Carrot Top,crimp,face,natural,V3,,,Bishop Happy Boulders,outdoors
2019-03-16,orange,Groundwater,crimp,overhang,natural,V5,,,Bishop Happy Boulders,outdoors
2019-03-28,blue,Jones’n,crimp,face,natural,V4,,,Red Rocks,outdoors
2019-03-29,green,Perfect Poser (The Cube),crimp,face,natural,V1,,,Red Rocks,outdoors
2019-03-29,green,Sorange,crimp,face,natural,V3,,,Red Rocks,outdoors
2019-03-30,blue,Jenna’s Jewelry,crimp,face,natural,V4,,,Red Rocks,outdoors
2019-04-08,blue,Center Overhang,crimp,overhang,natural,V3,,,Berkeley Indian Rock,outdoors
2019-04-08,green,Flake Traverse,crimp,face,natural,V3,,,Berkeley Indian Rock,outdoors
2019-05-12,orange,Johnny Cash,sloper,variable,dyno,V3,,,Salt Point State Park,outdoors
2019-06-23,green,Three Bangs,crimp,arete,natural,V3,,,South Lake Tahoe,outdoors
2019-06-23,green,Wood Nymph Early Exit,crimp,slab,natural,V3,,,South Lake Tahoe,outdoors
2019-07-01,green,Got Surprised,crimp,face,natural,V3,,,Mount Lassen,outdoors
2019-07-01,blue,Widebeast,crimp,overhang,natural,V4,,,Mount Lassen,outdoors
2019-07-05,orange,Gypsy’s Link Up,crimp,overhang,natural,V5,,,Black Mountain,outdoors
2019-07-05,green,Central Basin Arete,crimp,arete,natural,V3,,,Black Mountain,outdoors
2019-07-05,blue,Central Basin Traverse,crimp,face,natural,V4,,,Black Mountain,outdoors
2019-07-05,blue,Pink Crack,"crimp, pinch",face,natural,V3,,,Black Mountain,outdoors
2019-07-06,green,Line Dance,jug,overhang,natural,V1,D. Roth,,Palm Springs Aerial Tramway,outdoors
2019-07-06,blue,Humping the Walrus,sloper,variable,natural,V4,Chad Gilbert,,Palm Springs Aerial Tramway,outdoors
2019-07-06,green,Breakdance,jug,face,dyno,V3,A. Dornan,,Palm Springs Aerial Tramway,outdoors
2019-07-06,orange,Swing Dance,crimp,overhang,dyno,V7,A. Dornan,,Palm Springs Aerial Tramway,outdoors
2019-07-07,blue,Unnamed V1 (#374),"crimp, sloper",face,mantle,V1,,,Palm Springs Aerial Tramway,outdoors
2019-07-07,orange,Dancing Queen (aka. The Cube),sloper,arete,natural,V5,Frank Cornelius,,Palm Springs Aerial Tramway,outdoors
2019-07-12,orange,Smiley Face,crimp,face,natural,V6,,,Stinson Beach,outdoors
2019-08-15,orange,The Fuzz,"crimp, sloper, pinch",face,natural,V7,Nick Gibbs,2003,Squamish,outdoors
2019-08-15,blue,Titanic Dyno,jug,face,dyno,V4,Nick Gibbs,1996,Squamish,outdoors
2019-08-16,orange,Anubis,crimp,overhang,natural,V7,Brad Tkachuk,2001,Squamish,outdoors
2019-08-17,green,Cheese Grater,jug,slab,natural,V1,Stu Worrall,1997,Squamish,outdoors
2019-08-17,blue,Slingshot,crimp,face,natural,V2,Jack Fieldhouse,2002,Squamish,outdoors
2019-08-17,orange,Wafer Thin,crimp,face,natural,V5,Nick Gibbs,1996,Squamish,outdoors
2019-08-17,green,Golden Bowl Stand,crimp,face,dyno,V4,Nick Gibbs,1996,Squamish,outdoors
2019-10-06,blue,"The Arete, Right Exit",crimp,overhang,natural,V4,,,Tuolumne Meadows,outdoors
2019-10-06,blue,Solar Flare,crimp,variable,natural,V4,,,Tuolumne Meadows,outdoors
2019-10-07,green,Erik’s Picnic,crimp,face,natural,V2,,,Tuolumne Meadows,outdoors
2019-10-07,green,Wood Deliverer,crimp,face,natural,V3,,,Tuolumne Meadows,outdoors
2019-10-07,orange,G23 Arete,crimp,arete,natural,V6,,,Tuolumne Meadows,outdoors
2019-10-08,blue,The Roof,"crimp, pinch",overhang,natural,V4,,,Tuolumne Meadows,outdoors
2019-10-21,orange,Munchkin Lunge,crimp,overhang,dyno,V6,,,Yosemite,outdoors
2019-10-21,blue,No Fur,"crimp, sloper",face,natural,V3,,,Yosemite,outdoors
2019-10-21,orange,Silent Spotter,crimp,overhang,natural,V6,,,Yosemite,outdoors
2019-10-21,blue,Unnamed Lip Traverse,sloper,overhang,dyno,V4,,,Yosemite,outdoors
2019-10-26,orange,Blue Suede Shoes,crimp,slab,natural,V5,,,Yosemite,outdoors
2019-11-03,blue,"Loaded, Eliminate",crimp,slab,natural,V1,,,Bishop Happy Boulders,outdoors
2019-11-03,orange,Molly,crimp,face,natural,V5,Craig Smith,,Bishop Happy Boulders,outdoors
2019-11-11,blue,Let’s Get Hurt,"jug, sloper",face,mantle,V3,Mike Hernandez,,Castle Rock,outdoors
2019-11-11,blue,"Coz Daddy, Early Exit","crimp, pinch",overhang,natural,V4,Scott Cosgrove,,Castle Rock,outdoors
2019-11-11,green,The Edge,crimp,face,dyno,V2,,,Castle Rock,outdoors
2019-11-11,green,Mr. Clean,sloper,overhang,dyno,V4,,,Castle Rock,outdoors
2019-11-11,blue,The Slope,"jug, sloper",face,mantle,V4,,,Castle Rock,outdoors
2019-12-21,blue,Burning Rubber Necklace,crimp,cave,natural,V4,Russ Walling,,Bishop Happy Boulders,outdoors
2019-12-24,orange,"Chuckawalla, Sit Start",crimp,face,natural,V6,Robert Miramontes,,Joshua Tree,outdoors
2019-12-25,orange,Black Streak Dyno,crimp,face,dyno,V5,Robert Miramontes,,Joshua Tree,outdoors
2019-12-25,orange,Secret Samurai,sloper,overhang,natural,V4,Kyle Owen,,Joshua Tree,outdoors
2019-12-28,green,The Black Bitch,crimp,slab,natural,V2,Wendell Broussard,1980,Red Rocks,outdoors
2019-12-29,orange,"Southeast Face of The Butt Crack Boulder, Sit Start",crimp,face,natural,V5,,,Red Rocks,outdoors
2019-12-31,red,Red Wave,crimp,overhang,dyno,V10,Dimitrius Fritz,1996,Red Rocks,outdoors
2020-01-01,orange,St. Louis,crimp,overhang,natural,V4,,,Red Rocks,outdoors
2020-01-02,orange,Monkey Wrench,crimp,overhang,natural,V7,,,Red Rocks,outdoors
2020-01-02,orange,Equinox,crimp,face,natural,V6,,,Red Rocks,outdoors
2020-01-03,green,Arete V1 on the Sorange Boulder,jug,face,natural,V1,,,Red Rocks,outdoors
2020-01-03,green,Heart and Sole Left V1/2,crimp,slab,natural,V1,,,Red Rocks,outdoors
2020-01-03,green,Arete left V1/2 on the Warm Up Boulder,jug,face,natural,V1,,,Red Rocks,outdoors
2020-01-03,orange,Welcome to Detroit,"jug, crimp",variable,mantle,V5,,,Red Rocks,outdoors
2020-01-04,orange,Right Face of the My Tan Boulder V6/7 (#292),crimp,face,natural,V7,,,Red Rocks,outdoors
2020-01-04,blue,Avian Flu,jug,cave,natural,V4,,,Red Rocks,outdoors
2020-01-19,blue,Unnamed V2 Cave,jug,cave,natural,V2,FA?,,"Lizard’s Mouth, Santa Barbara",outdoors
2020-01-19,green,Yellow Belly,crimp,face,natural,V0,,,"Lizard’s Mouth, Santa Barbara",outdoors
2020-02-01,orange,Great Stoneface,crimp,overhang,natural,V7,,,Great Stoneface Park,outdoors
2020-02-01,orange,Like Mike (Hoop Dreams Eliminate),jug,overhang,dyno,V6,Eugene Ahn,2019,Great Stoneface Park,outdoors
2020-02-09,orange,Dark Side of the Moon,"crimp, sloper",face,natural,V7,,,Castle Rock,outdoors
2020-02-09,orange,Asian Invasion,"crimp, sloper",overhang,natural,V7,,,Castle Rock,outdoors
